img_path,label,client
../data/EyePACS_AIROGS/NRG/TRAIN002900.jpg,0,6
../data/EyePACS_AIROGS/RG/TRAIN070364.jpg,1,3
../data/EyePACS_AIROGS/NRG/TRAIN007419.jpg,0,2
../data/EyePACS_AIROGS/RG/TRAIN057640.jpg,1,7
../data/EyePACS_AIROGS/RG/TRAIN035324.jpg,1,5
../data/EyePACS_AIROGS/NRG/TRAIN041294.jpg,0,3
../data/EyePACS_AIROGS/RG/TRAIN015049.jpg,1,7
../data/EyePACS_AIROGS/NRG/TRAIN013676.jpg,0,7
../data/EyePACS_AIROGS/NRG/TRAIN025102.jpg,0,3
../data/EyePACS_AIROGS/RG/TRAIN038911.jpg,1,7
../data/EyePACS_AIROGS/NRG/TRAIN019806.jpg,0,7
../data/EyePACS_AIROGS/RG/TRAIN002547.jpg,1,3
../data/EyePACS_AIROGS/NRG/TRAIN063017.jpg,0,3
../data/EyePACS_AIROGS/NRG/TRAIN073626.jpg,0,4
../data/EyePACS_AIROGS/RG/TRAIN032066.jpg,1,6
../data/EyePACS_AIROGS/NRG/TRAIN079699.jpg,0,7
../data/EyePACS_AIROGS/NRG/TRAIN083679.jpg,0,2
../data/EyePACS_AIROGS/RG/TRAIN060333.jpg,1,3
../data/EyePACS_AIROGS/NRG/TRAIN016745.jpg,0,3
../data/EyePACS_AIROGS/RG/TRAIN026096.jpg,1,7
../data/EyePACS_AIROGS/NRG/TRAIN020647.jpg,0,3
../data/EyePACS_AIROGS/NRG/TRAIN084314.jpg,0,7
../data/EyePACS_AIROGS/NRG/TRAIN009110.jpg,0,7
../data/EyePACS_AIROGS/NRG/TRAIN039284.jpg,0,2
../data/EyePACS_AIROGS/RG/TRAIN057734.jpg,1,6
../data/EyePACS_AIROGS/RG/TRAIN054170.jpg,1,6
../data/EyePACS_AIROGS/NRG/TRAIN032834.jpg,0,7
../data/EyePACS_AIROGS/NRG/TRAIN022901.jpg,0,6
../data/EyePACS_AIROGS/RG/TRAIN088959.jpg,1,2
../data/EyePACS_AIROGS/RG/TRAIN087425.jpg,1,2
../data/EyePACS_AIROGS/RG/TRAIN055386.jpg,1,7
../data/EyePACS_AIROGS/RG/TRAIN059985.jpg,1,7
../data/EyePACS_AIROGS/NRG/TRAIN002473.jpg,0,7
../data/EyePACS_AIROGS/RG/TRAIN060363.jpg,1,7
../data/EyePACS_AIROGS/NRG/TRAIN011255.jpg,0,3
../data/EyePACS_AIROGS/NRG/TRAIN009414.jpg,0,3
../data/EyePACS_AIROGS/RG/TRAIN050975.jpg,1,6
../data/EyePACS_AIROGS/RG/TRAIN022818.jpg,1,3
../data/EyePACS_AIROGS/RG/TRAIN064875.jpg,1,7
../data/EyePACS_AIROGS/NRG/TRAIN001061.jpg,0,3
../data/EyePACS_AIROGS/NRG/TRAIN011899.jpg,0,3
../data/EyePACS_AIROGS/RG/TRAIN053521.jpg,1,7
../data/EyePACS_AIROGS/NRG/TRAIN082644.jpg,0,7
../data/EyePACS_AIROGS/NRG/TRAIN013238.jpg,0,3
../data/EyePACS_AIROGS/NRG/TRAIN049189.jpg,0,7
../data/EyePACS_AIROGS/RG/TRAIN065232.jpg,1,7
../data/EyePACS_AIROGS/NRG/TRAIN020386.jpg,0,3
../data/EyePACS_AIROGS/NRG/TRAIN078732.jpg,0,3
../data/EyePACS_AIROGS/NRG/TRAIN010540.jpg,0,3
../data/EyePACS_AIROGS/NRG/TRAIN007706.jpg,0,6
../data/EyePACS_AIROGS/RG/TRAIN089881.jpg,1,7
../data/EyePACS_AIROGS/NRG/TRAIN049592.jpg,0,3
../data/EyePACS_AIROGS/NRG/TRAIN026807.jpg,0,3
../data/EyePACS_AIROGS/RG/TRAIN044445.jpg,1,6
../data/EyePACS_AIROGS/RG/TRAIN005536.jpg,1,7
../data/EyePACS_AIROGS/RG/TRAIN101362.jpg,1,3
../data/EyePACS_AIROGS/RG/TRAIN042941.jpg,1,3
../data/EyePACS_AIROGS/NRG/TRAIN045810.jpg,0,3
../data/EyePACS_AIROGS/RG/TRAIN041237.jpg,1,3
../data/EyePACS_AIROGS/RG/TRAIN000924.jpg,1,3
../data/EyePACS_AIROGS/NRG/TRAIN044767.jpg,0,3
../data/EyePACS_AIROGS/NRG/TRAIN065543.jpg,0,3
../data/EyePACS_AIROGS/NRG/TRAIN016092.jpg,0,7
../data/EyePACS_AIROGS/RG/TRAIN008377.jpg,1,7
../data/EyePACS_AIROGS/NRG/TRAIN025537.jpg,0,7
../data/EyePACS_AIROGS/RG/TRAIN030829.jpg,1,5
../data/EyePACS_AIROGS/RG/TRAIN075277.jpg,1,7
../data/EyePACS_AIROGS/RG/TRAIN057310.jpg,1,7
../data/EyePACS_AIROGS/RG/TRAIN000789.jpg,1,3
../data/EyePACS_AIROGS/NRG/TRAIN049063.jpg,0,6
../data/EyePACS_AIROGS/RG/TRAIN055197.jpg,1,7
../data/EyePACS_AIROGS/NRG/TRAIN074561.jpg,0,2
../data/EyePACS_AIROGS/RG/TRAIN000498.jpg,1,7
../data/EyePACS_AIROGS/NRG/TRAIN085631.jpg,0,2
../data/EyePACS_AIROGS/NRG/TRAIN077158.jpg,0,6
../data/EyePACS_AIROGS/RG/TRAIN084681.jpg,1,7
../data/EyePACS_AIROGS/NRG/TRAIN040107.jpg,0,7
../data/EyePACS_AIROGS/NRG/TRAIN002879.jpg,0,7
../data/EyePACS_AIROGS/RG/TRAIN000421.jpg,1,2
../data/EyePACS_AIROGS/RG/TRAIN043185.jpg,1,2
../data/EyePACS_AIROGS/RG/TRAIN095518.jpg,1,7
../data/EyePACS_AIROGS/NRG/TRAIN065678.jpg,0,7
../data/EyePACS_AIROGS/RG/TRAIN007113.jpg,1,7
../data/EyePACS_AIROGS/RG/TRAIN094196.jpg,1,3
../data/EyePACS_AIROGS/NRG/TRAIN053412.jpg,0,2
../data/EyePACS_AIROGS/NRG/TRAIN087703.jpg,0,6
../data/EyePACS_AIROGS/RG/TRAIN044672.jpg,1,7
../data/EyePACS_AIROGS/NRG/TRAIN048960.jpg,0,3
../data/EyePACS_AIROGS/NRG/TRAIN097259.jpg,0,2
../data/EyePACS_AIROGS/RG/TRAIN047090.jpg,1,7
../data/EyePACS_AIROGS/NRG/TRAIN000415.jpg,0,7
../data/EyePACS_AIROGS/RG/TRAIN083781.jpg,1,3
../data/EyePACS_AIROGS/RG/TRAIN024322.jpg,1,7
../data/EyePACS_AIROGS/RG/TRAIN001147.jpg,1,7
../data/EyePACS_AIROGS/RG/TRAIN010225.jpg,1,7
../data/EyePACS_AIROGS/RG/TRAIN015566.jpg,1,7
../data/EyePACS_AIROGS/NRG/TRAIN051997.jpg,0,3
../data/EyePACS_AIROGS/NRG/TRAIN095572.jpg,0,2
../data/EyePACS_AIROGS/RG/TRAIN095094.jpg,1,6
../data/EyePACS_AIROGS/RG/TRAIN017704.jpg,1,7
../data/EyePACS_AIROGS/NRG/TRAIN029542.jpg,0,1
../data/EyePACS_AIROGS/RG/TRAIN011413.jpg,1,3
../data/EyePACS_AIROGS/RG/TRAIN023682.jpg,1,2
../data/EyePACS_AIROGS/NRG/TRAIN096892.jpg,0,7
../data/EyePACS_AIROGS/RG/TRAIN069551.jpg,1,6
../data/EyePACS_AIROGS/NRG/TRAIN023906.jpg,0,3
../data/EyePACS_AIROGS/NRG/TRAIN076638.jpg,0,4
../data/EyePACS_AIROGS/NRG/TRAIN057870.jpg,0,7
../data/EyePACS_AIROGS/RG/TRAIN007302.jpg,1,3
../data/EyePACS_AIROGS/NRG/TRAIN001816.jpg,0,3
../data/EyePACS_AIROGS/RG/TRAIN033647.jpg,1,3
../data/EyePACS_AIROGS/NRG/TRAIN039512.jpg,0,7
../data/EyePACS_AIROGS/NRG/TRAIN059089.jpg,0,7
../data/EyePACS_AIROGS/NRG/TRAIN008476.jpg,0,7
../data/EyePACS_AIROGS/NRG/TRAIN004031.jpg,0,0
../data/EyePACS_AIROGS/NRG/TRAIN003180.jpg,0,3
../data/EyePACS_AIROGS/NRG/TRAIN006206.jpg,0,6
../data/EyePACS_AIROGS/NRG/TRAIN043899.jpg,0,6
../data/EyePACS_AIROGS/NRG/TRAIN088824.jpg,0,3
../data/EyePACS_AIROGS/NRG/TRAIN027605.jpg,0,3
../data/EyePACS_AIROGS/RG/TRAIN007511.jpg,1,6
../data/EyePACS_AIROGS/NRG/TRAIN016455.jpg,0,7
../data/EyePACS_AIROGS/RG/TRAIN058552.jpg,1,7
../data/EyePACS_AIROGS/RG/TRAIN008072.jpg,1,7
../data/EyePACS_AIROGS/RG/TRAIN019418.jpg,1,3
../data/EyePACS_AIROGS/NRG/TRAIN080631.jpg,0,3
../data/EyePACS_AIROGS/NRG/TRAIN043923.jpg,0,7
../data/EyePACS_AIROGS/RG/TRAIN083242.jpg,1,7
../data/EyePACS_AIROGS/RG/TRAIN008761.jpg,1,3
../data/EyePACS_AIROGS/RG/TRAIN036298.jpg,1,3
../data/EyePACS_AIROGS/NRG/TRAIN068177.jpg,0,7
../data/EyePACS_AIROGS/RG/TRAIN097452.jpg,1,2
../data/EyePACS_AIROGS/RG/TRAIN091288.jpg,1,7
../data/EyePACS_AIROGS/NRG/TRAIN058348.jpg,0,6
../data/EyePACS_AIROGS/NRG/TRAIN057948.jpg,0,7
../data/EyePACS_AIROGS/RG/TRAIN019098.jpg,1,3
../data/EyePACS_AIROGS/RG/TRAIN041894.jpg,1,7
../data/EyePACS_AIROGS/NRG/TRAIN065136.jpg,0,3
../data/EyePACS_AIROGS/NRG/TRAIN050370.jpg,0,7
../data/EyePACS_AIROGS/NRG/TRAIN060471.jpg,0,3
../data/EyePACS_AIROGS/NRG/TRAIN048606.jpg,0,7
../data/EyePACS_AIROGS/NRG/TRAIN069366.jpg,0,6
../data/EyePACS_AIROGS/NRG/TRAIN035956.jpg,0,6
../data/EyePACS_AIROGS/RG/TRAIN048978.jpg,1,3
../data/EyePACS_AIROGS/NRG/TRAIN059551.jpg,0,7
../data/EyePACS_AIROGS/RG/TRAIN035027.jpg,1,6
../data/EyePACS_AIROGS/NRG/TRAIN097358.jpg,0,3
../data/EyePACS_AIROGS/RG/TRAIN026079.jpg,1,7
../data/EyePACS_AIROGS/NRG/TRAIN023317.jpg,0,7
../data/EyePACS_AIROGS/NRG/TRAIN053958.jpg,0,3
../data/EyePACS_AIROGS/RG/TRAIN033464.jpg,1,3
../data/EyePACS_AIROGS/NRG/TRAIN002960.jpg,0,6
../data/EyePACS_AIROGS/RG/TRAIN054899.jpg,1,6
../data/EyePACS_AIROGS/NRG/TRAIN045045.jpg,0,3
../data/EyePACS_AIROGS/NRG/TRAIN006953.jpg,0,7
../data/EyePACS_AIROGS/RG/TRAIN039154.jpg,1,3
../data/EyePACS_AIROGS/NRG/TRAIN081456.jpg,0,7
../data/EyePACS_AIROGS/NRG/TRAIN028716.jpg,0,7
../data/EyePACS_AIROGS/NRG/TRAIN069629.jpg,0,7
../data/EyePACS_AIROGS/NRG/TRAIN014263.jpg,0,7
../data/EyePACS_AIROGS/NRG/TRAIN040162.jpg,0,7
../data/EyePACS_AIROGS/NRG/TRAIN023537.jpg,0,3
../data/EyePACS_AIROGS/RG/TRAIN074688.jpg,1,6
../data/EyePACS_AIROGS/RG/TRAIN033544.jpg,1,7
../data/EyePACS_AIROGS/RG/TRAIN026145.jpg,1,3
../data/EyePACS_AIROGS/NRG/TRAIN066164.jpg,0,1
../data/EyePACS_AIROGS/RG/TRAIN053740.jpg,1,7
../data/EyePACS_AIROGS/NRG/TRAIN050847.jpg,0,3
../data/EyePACS_AIROGS/NRG/TRAIN057380.jpg,0,3
../data/EyePACS_AIROGS/NRG/TRAIN035883.jpg,0,7
../data/EyePACS_AIROGS/NRG/TRAIN046725.jpg,0,3
../data/EyePACS_AIROGS/RG/TRAIN004127.jpg,1,5
../data/EyePACS_AIROGS/RG/TRAIN014167.jpg,1,3
../data/EyePACS_AIROGS/NRG/TRAIN069064.jpg,0,3
../data/EyePACS_AIROGS/RG/TRAIN005861.jpg,1,7
../data/EyePACS_AIROGS/NRG/TRAIN057764.jpg,0,7
../data/EyePACS_AIROGS/RG/TRAIN050699.jpg,1,3
../data/EyePACS_AIROGS/NRG/TRAIN006800.jpg,0,3
../data/EyePACS_AIROGS/RG/TRAIN023307.jpg,1,3
../data/EyePACS_AIROGS/NRG/TRAIN043791.jpg,0,7
../data/EyePACS_AIROGS/NRG/TRAIN019968.jpg,0,7
../data/EyePACS_AIROGS/RG/TRAIN054391.jpg,1,3
../data/EyePACS_AIROGS/NRG/TRAIN051485.jpg,0,3
../data/EyePACS_AIROGS/NRG/TRAIN014356.jpg,0,3
../data/EyePACS_AIROGS/RG/TRAIN067023.jpg,1,7
../data/EyePACS_AIROGS/RG/TRAIN090683.jpg,1,6
../data/EyePACS_AIROGS/RG/TRAIN054162.jpg,1,2
../data/EyePACS_AIROGS/NRG/TRAIN085731.jpg,0,7
../data/EyePACS_AIROGS/NRG/TRAIN096366.jpg,0,5
../data/EyePACS_AIROGS/NRG/TRAIN025361.jpg,0,7
../data/EyePACS_AIROGS/NRG/TRAIN073043.jpg,0,3
../data/EyePACS_AIROGS/RG/TRAIN084709.jpg,1,3
../data/EyePACS_AIROGS/RG/TRAIN045362.jpg,1,7
../data/EyePACS_AIROGS/NRG/TRAIN029017.jpg,0,7
../data/EyePACS_AIROGS/NRG/TRAIN019441.jpg,0,2
../data/EyePACS_AIROGS/RG/TRAIN009970.jpg,1,6
../data/EyePACS_AIROGS/NRG/TRAIN021914.jpg,0,3
../data/EyePACS_AIROGS/RG/TRAIN022940.jpg,1,2
../data/EyePACS_AIROGS/RG/TRAIN009830.jpg,1,2
../data/EyePACS_AIROGS/RG/TRAIN031929.jpg,1,2
../data/EyePACS_AIROGS/RG/TRAIN018370.jpg,1,3
../data/EyePACS_AIROGS/NRG/TRAIN071760.jpg,0,3
../data/EyePACS_AIROGS/RG/TRAIN052005.jpg,1,7
../data/EyePACS_AIROGS/RG/TRAIN010126.jpg,1,7
../data/EyePACS_AIROGS/RG/TRAIN087162.jpg,1,2
../data/EyePACS_AIROGS/NRG/TRAIN076897.jpg,0,3
../data/EyePACS_AIROGS/NRG/TRAIN063840.jpg,0,2
../data/EyePACS_AIROGS/NRG/TRAIN024952.jpg,0,3
../data/EyePACS_AIROGS/RG/TRAIN009180.jpg,1,7
../data/EyePACS_AIROGS/NRG/TRAIN039893.jpg,0,3
../data/EyePACS_AIROGS/RG/TRAIN067027.jpg,1,6
../data/EyePACS_AIROGS/RG/TRAIN045812.jpg,1,3
../data/EyePACS_AIROGS/NRG/TRAIN009346.jpg,0,2
../data/EyePACS_AIROGS/RG/TRAIN083534.jpg,1,7
../data/EyePACS_AIROGS/NRG/TRAIN036171.jpg,0,7
../data/EyePACS_AIROGS/RG/TRAIN000429.jpg,1,3
../data/EyePACS_AIROGS/NRG/TRAIN002860.jpg,0,7
../data/EyePACS_AIROGS/RG/TRAIN065287.jpg,1,7
../data/EyePACS_AIROGS/NRG/TRAIN063049.jpg,0,3
../data/EyePACS_AIROGS/NRG/TRAIN010772.jpg,0,7
../data/EyePACS_AIROGS/RG/TRAIN065432.jpg,1,7
../data/EyePACS_AIROGS/NRG/TRAIN089300.jpg,0,7
../data/EyePACS_AIROGS/NRG/TRAIN022795.jpg,0,3
../data/EyePACS_AIROGS/NRG/TRAIN043758.jpg,0,3
../data/EyePACS_AIROGS/RG/TRAIN048572.jpg,1,7
../data/EyePACS_AIROGS/RG/TRAIN097225.jpg,1,7
../data/EyePACS_AIROGS/NRG/TRAIN012412.jpg,0,2
../data/EyePACS_AIROGS/NRG/TRAIN056462.jpg,0,3
../data/EyePACS_AIROGS/NRG/TRAIN053878.jpg,0,3
../data/EyePACS_AIROGS/RG/TRAIN027108.jpg,1,6
../data/EyePACS_AIROGS/NRG/TRAIN037638.jpg,0,3
../data/EyePACS_AIROGS/NRG/TRAIN028745.jpg,0,6
../data/EyePACS_AIROGS/RG/TRAIN037020.jpg,1,3
../data/EyePACS_AIROGS/NRG/TRAIN010584.jpg,0,7
../data/EyePACS_AIROGS/NRG/TRAIN040445.jpg,0,7
../data/EyePACS_AIROGS/NRG/TRAIN069368.jpg,0,3
../data/EyePACS_AIROGS/NRG/TRAIN006086.jpg,0,2
../data/EyePACS_AIROGS/NRG/TRAIN024120.jpg,0,2
../data/EyePACS_AIROGS/RG/TRAIN076701.jpg,1,3
../data/EyePACS_AIROGS/RG/TRAIN015474.jpg,1,7
../data/EyePACS_AIROGS/RG/TRAIN085522.jpg,1,3
../data/EyePACS_AIROGS/RG/TRAIN065814.jpg,1,7
../data/EyePACS_AIROGS/RG/TRAIN012591.jpg,1,7
../data/EyePACS_AIROGS/RG/TRAIN019605.jpg,1,7
../data/EyePACS_AIROGS/NRG/TRAIN023231.jpg,0,7
../data/EyePACS_AIROGS/RG/TRAIN073344.jpg,1,3
../data/EyePACS_AIROGS/NRG/TRAIN078084.jpg,0,7
../data/EyePACS_AIROGS/NRG/TRAIN061452.jpg,0,3
../data/EyePACS_AIROGS/NRG/TRAIN085121.jpg,0,7
../data/EyePACS_AIROGS/RG/TRAIN090328.jpg,1,3
../data/EyePACS_AIROGS/RG/TRAIN058795.jpg,1,7
../data/EyePACS_AIROGS/NRG/TRAIN056945.jpg,0,3
../data/EyePACS_AIROGS/RG/TRAIN081999.jpg,1,7
../data/EyePACS_AIROGS/RG/TRAIN028291.jpg,1,1
../data/EyePACS_AIROGS/NRG/TRAIN012830.jpg,0,7
../data/EyePACS_AIROGS/NRG/TRAIN081582.jpg,0,7
../data/EyePACS_AIROGS/RG/TRAIN013724.jpg,1,7
../data/EyePACS_AIROGS/NRG/TRAIN064118.jpg,0,3
../data/EyePACS_AIROGS/RG/TRAIN032729.jpg,1,3
../data/EyePACS_AIROGS/RG/TRAIN015749.jpg,1,6
../data/EyePACS_AIROGS/RG/TRAIN074070.jpg,1,7
../data/EyePACS_AIROGS/NRG/TRAIN047209.jpg,0,3
../data/EyePACS_AIROGS/NRG/TRAIN043283.jpg,0,1
../data/EyePACS_AIROGS/NRG/TRAIN093656.jpg,0,7
../data/EyePACS_AIROGS/NRG/TRAIN027075.jpg,0,3
../data/EyePACS_AIROGS/RG/TRAIN083135.jpg,1,7
../data/EyePACS_AIROGS/NRG/TRAIN079581.jpg,0,5
../data/EyePACS_AIROGS/RG/TRAIN081357.jpg,1,6
../data/EyePACS_AIROGS/RG/TRAIN065614.jpg,1,3
../data/EyePACS_AIROGS/NRG/TRAIN077604.jpg,0,6
../data/EyePACS_AIROGS/RG/TRAIN045579.jpg,1,2
../data/EyePACS_AIROGS/NRG/TRAIN040456.jpg,0,7
../data/EyePACS_AIROGS/NRG/TRAIN019280.jpg,0,3
../data/EyePACS_AIROGS/NRG/TRAIN049107.jpg,0,3
../data/EyePACS_AIROGS/NRG/TRAIN047886.jpg,0,7
../data/EyePACS_AIROGS/RG/TRAIN083712.jpg,1,3
../data/EyePACS_AIROGS/NRG/TRAIN058025.jpg,0,3
../data/EyePACS_AIROGS/NRG/TRAIN028117.jpg,0,2
../data/EyePACS_AIROGS/RG/TRAIN040307.jpg,1,3
../data/EyePACS_AIROGS/RG/TRAIN066215.jpg,1,0
../data/EyePACS_AIROGS/RG/TRAIN069190.jpg,1,2
../data/EyePACS_AIROGS/NRG/TRAIN049162.jpg,0,3
../data/EyePACS_AIROGS/RG/TRAIN014758.jpg,1,6
../data/EyePACS_AIROGS/NRG/TRAIN034241.jpg,0,3
../data/EyePACS_AIROGS/RG/TRAIN065751.jpg,1,7
../data/EyePACS_AIROGS/NRG/TRAIN025085.jpg,0,5
../data/EyePACS_AIROGS/RG/TRAIN100905.jpg,1,7
../data/EyePACS_AIROGS/RG/TRAIN056097.jpg,1,3
../data/EyePACS_AIROGS/RG/TRAIN095965.jpg,1,1
../data/EyePACS_AIROGS/NRG/TRAIN073134.jpg,0,3
../data/EyePACS_AIROGS/NRG/TRAIN009096.jpg,0,2
../data/EyePACS_AIROGS/NRG/TRAIN088962.jpg,0,3
../data/EyePACS_AIROGS/RG/TRAIN099234.jpg,1,6
../data/EyePACS_AIROGS/RG/TRAIN021510.jpg,1,6
../data/EyePACS_AIROGS/NRG/TRAIN048668.jpg,0,7
../data/EyePACS_AIROGS/RG/TRAIN032128.jpg,1,2
../data/EyePACS_AIROGS/NRG/TRAIN037511.jpg,0,7
../data/EyePACS_AIROGS/RG/TRAIN050870.jpg,1,2
../data/EyePACS_AIROGS/RG/TRAIN081466.jpg,1,7
../data/EyePACS_AIROGS/NRG/TRAIN061539.jpg,0,6
../data/EyePACS_AIROGS/NRG/TRAIN000769.jpg,0,2
../data/EyePACS_AIROGS/RG/TRAIN004086.jpg,1,3
../data/EyePACS_AIROGS/NRG/TRAIN078705.jpg,0,6
../data/EyePACS_AIROGS/NRG/TRAIN016846.jpg,0,2
../data/EyePACS_AIROGS/NRG/TRAIN037409.jpg,0,4
../data/EyePACS_AIROGS/RG/TRAIN051413.jpg,1,3
../data/EyePACS_AIROGS/RG/TRAIN069529.jpg,1,6
../data/EyePACS_AIROGS/NRG/TRAIN009305.jpg,0,7
../data/EyePACS_AIROGS/NRG/TRAIN062454.jpg,0,7
../data/EyePACS_AIROGS/NRG/TRAIN023586.jpg,0,7
../data/EyePACS_AIROGS/RG/TRAIN098509.jpg,1,7
../data/EyePACS_AIROGS/RG/TRAIN055454.jpg,1,7
../data/EyePACS_AIROGS/NRG/TRAIN032876.jpg,0,2
../data/EyePACS_AIROGS/NRG/TRAIN045511.jpg,0,5
../data/EyePACS_AIROGS/NRG/TRAIN055359.jpg,0,2
../data/EyePACS_AIROGS/NRG/TRAIN046718.jpg,0,7
../data/EyePACS_AIROGS/NRG/TRAIN085915.jpg,0,7
../data/EyePACS_AIROGS/RG/TRAIN060435.jpg,1,3
../data/EyePACS_AIROGS/NRG/TRAIN017606.jpg,0,3
../data/EyePACS_AIROGS/RG/TRAIN027626.jpg,1,3
../data/EyePACS_AIROGS/RG/TRAIN068851.jpg,1,3
../data/EyePACS_AIROGS/RG/TRAIN092797.jpg,1,3
../data/EyePACS_AIROGS/RG/TRAIN078695.jpg,1,5
../data/EyePACS_AIROGS/RG/TRAIN009739.jpg,1,3
../data/EyePACS_AIROGS/NRG/TRAIN032371.jpg,0,6
../data/EyePACS_AIROGS/RG/TRAIN042606.jpg,1,7
../data/EyePACS_AIROGS/RG/TRAIN022341.jpg,1,6
../data/EyePACS_AIROGS/NRG/TRAIN093475.jpg,0,6
../data/EyePACS_AIROGS/NRG/TRAIN101302.jpg,0,7
../data/EyePACS_AIROGS/RG/TRAIN062515.jpg,1,2
../data/EyePACS_AIROGS/NRG/TRAIN053772.jpg,0,3
../data/EyePACS_AIROGS/RG/TRAIN071100.jpg,1,6
../data/EyePACS_AIROGS/RG/TRAIN085585.jpg,1,7
../data/EyePACS_AIROGS/RG/TRAIN059957.jpg,1,6
../data/EyePACS_AIROGS/RG/TRAIN088903.jpg,1,3
../data/EyePACS_AIROGS/NRG/TRAIN039118.jpg,0,3
../data/EyePACS_AIROGS/NRG/TRAIN098450.jpg,0,7
../data/EyePACS_AIROGS/NRG/TRAIN071684.jpg,0,6
../data/EyePACS_AIROGS/RG/TRAIN061123.jpg,1,7
../data/EyePACS_AIROGS/NRG/TRAIN090495.jpg,0,7
../data/EyePACS_AIROGS/NRG/TRAIN048422.jpg,0,3
../data/EyePACS_AIROGS/NRG/TRAIN003280.jpg,0,7
../data/EyePACS_AIROGS/RG/TRAIN007531.jpg,1,7
../data/EyePACS_AIROGS/NRG/TRAIN039601.jpg,0,3
../data/EyePACS_AIROGS/RG/TRAIN096995.jpg,1,7
../data/EyePACS_AIROGS/NRG/TRAIN009742.jpg,0,7
../data/EyePACS_AIROGS/RG/TRAIN008325.jpg,1,3
../data/EyePACS_AIROGS/NRG/TRAIN019392.jpg,0,3
../data/EyePACS_AIROGS/RG/TRAIN051405.jpg,1,3
../data/EyePACS_AIROGS/NRG/TRAIN019048.jpg,0,3
../data/EyePACS_AIROGS/RG/TRAIN053602.jpg,1,3
../data/EyePACS_AIROGS/NRG/TRAIN036879.jpg,0,3
../data/EyePACS_AIROGS/RG/TRAIN072873.jpg,1,3
../data/EyePACS_AIROGS/NRG/TRAIN094564.jpg,0,3
../data/EyePACS_AIROGS/NRG/TRAIN057980.jpg,0,6
../data/EyePACS_AIROGS/RG/TRAIN092190.jpg,1,7
../data/EyePACS_AIROGS/RG/TRAIN017213.jpg,1,3
../data/EyePACS_AIROGS/NRG/TRAIN086475.jpg,0,7
../data/EyePACS_AIROGS/RG/TRAIN039079.jpg,1,3
../data/EyePACS_AIROGS/NRG/TRAIN021716.jpg,0,6
../data/EyePACS_AIROGS/RG/TRAIN030667.jpg,1,3
../data/EyePACS_AIROGS/RG/TRAIN079972.jpg,1,5
../data/EyePACS_AIROGS/RG/TRAIN044082.jpg,1,3
../data/EyePACS_AIROGS/RG/TRAIN066373.jpg,1,3
../data/EyePACS_AIROGS/NRG/TRAIN043077.jpg,0,7
../data/EyePACS_AIROGS/RG/TRAIN099166.jpg,1,6
../data/EyePACS_AIROGS/NRG/TRAIN016611.jpg,0,7
../data/EyePACS_AIROGS/NRG/TRAIN057852.jpg,0,3
../data/EyePACS_AIROGS/RG/TRAIN021062.jpg,1,3
../data/EyePACS_AIROGS/NRG/TRAIN079679.jpg,0,7
../data/EyePACS_AIROGS/RG/TRAIN023530.jpg,1,3
../data/EyePACS_AIROGS/RG/TRAIN052658.jpg,1,2
../data/EyePACS_AIROGS/RG/TRAIN053649.jpg,1,3
../data/EyePACS_AIROGS/RG/TRAIN002055.jpg,1,2
../data/EyePACS_AIROGS/NRG/TRAIN082687.jpg,0,3
../data/EyePACS_AIROGS/NRG/TRAIN019234.jpg,0,3
../data/EyePACS_AIROGS/RG/TRAIN031123.jpg,1,3
../data/EyePACS_AIROGS/RG/TRAIN087119.jpg,1,3
../data/EyePACS_AIROGS/NRG/TRAIN021279.jpg,0,6
../data/EyePACS_AIROGS/NRG/TRAIN013650.jpg,0,3
../data/EyePACS_AIROGS/NRG/TRAIN068496.jpg,0,7
../data/EyePACS_AIROGS/RG/TRAIN052837.jpg,1,7
../data/EyePACS_AIROGS/RG/TRAIN084578.jpg,1,7
../data/EyePACS_AIROGS/NRG/TRAIN042281.jpg,0,3
../data/EyePACS_AIROGS/RG/TRAIN074721.jpg,1,3
../data/EyePACS_AIROGS/RG/TRAIN048656.jpg,1,6
../data/EyePACS_AIROGS/RG/TRAIN048321.jpg,1,3
../data/EyePACS_AIROGS/RG/TRAIN091850.jpg,1,7
../data/EyePACS_AIROGS/NRG/TRAIN019327.jpg,0,7
../data/EyePACS_AIROGS/RG/TRAIN024057.jpg,1,2
../data/EyePACS_AIROGS/NRG/TRAIN078992.jpg,0,7
../data/EyePACS_AIROGS/NRG/TRAIN090738.jpg,0,7
../data/EyePACS_AIROGS/NRG/TRAIN041410.jpg,0,3
../data/EyePACS_AIROGS/RG/TRAIN038116.jpg,1,3
../data/EyePACS_AIROGS/NRG/TRAIN021102.jpg,0,7
../data/EyePACS_AIROGS/NRG/TRAIN032140.jpg,0,6
../data/EyePACS_AIROGS/RG/TRAIN078435.jpg,1,2
../data/EyePACS_AIROGS/RG/TRAIN059973.jpg,1,3
../data/EyePACS_AIROGS/NRG/TRAIN077277.jpg,0,5
../data/EyePACS_AIROGS/RG/TRAIN096611.jpg,1,3
../data/EyePACS_AIROGS/NRG/TRAIN075983.jpg,0,7
../data/EyePACS_AIROGS/NRG/TRAIN028553.jpg,0,6
../data/EyePACS_AIROGS/NRG/TRAIN072124.jpg,0,7
../data/EyePACS_AIROGS/NRG/TRAIN084968.jpg,0,7
../data/EyePACS_AIROGS/RG/TRAIN085056.jpg,1,3
../data/EyePACS_AIROGS/NRG/TRAIN025996.jpg,0,3
../data/EyePACS_AIROGS/NRG/TRAIN012500.jpg,0,3
../data/EyePACS_AIROGS/NRG/TRAIN015689.jpg,0,7
../data/EyePACS_AIROGS/RG/TRAIN087768.jpg,1,7
../data/EyePACS_AIROGS/RG/TRAIN020615.jpg,1,7
../data/EyePACS_AIROGS/NRG/TRAIN085149.jpg,0,3
../data/EyePACS_AIROGS/RG/TRAIN036478.jpg,1,3
../data/EyePACS_AIROGS/RG/TRAIN086620.jpg,1,7
../data/EyePACS_AIROGS/NRG/TRAIN019924.jpg,0,3
../data/EyePACS_AIROGS/NRG/TRAIN094660.jpg,0,7
../data/EyePACS_AIROGS/NRG/TRAIN093039.jpg,0,7
../data/EyePACS_AIROGS/NRG/TRAIN044247.jpg,0,3
../data/EyePACS_AIROGS/NRG/TRAIN063083.jpg,0,7
../data/EyePACS_AIROGS/RG/TRAIN089188.jpg,1,3
../data/EyePACS_AIROGS/NRG/TRAIN082493.jpg,0,3
../data/EyePACS_AIROGS/RG/TRAIN063577.jpg,1,3
../data/EyePACS_AIROGS/NRG/TRAIN018663.jpg,0,7
../data/EyePACS_AIROGS/RG/TRAIN089484.jpg,1,7
../data/EyePACS_AIROGS/RG/TRAIN069820.jpg,1,3
../data/EyePACS_AIROGS/RG/TRAIN011827.jpg,1,7
../data/EyePACS_AIROGS/RG/TRAIN000068.jpg,1,3
../data/EyePACS_AIROGS/NRG/TRAIN059807.jpg,0,3
../data/EyePACS_AIROGS/RG/TRAIN042005.jpg,1,3
../data/EyePACS_AIROGS/RG/TRAIN073275.jpg,1,3
../data/EyePACS_AIROGS/NRG/TRAIN006081.jpg,0,6
../data/EyePACS_AIROGS/RG/TRAIN049253.jpg,1,3
../data/EyePACS_AIROGS/NRG/TRAIN034501.jpg,0,7
../data/EyePACS_AIROGS/NRG/TRAIN015060.jpg,0,3
../data/EyePACS_AIROGS/NRG/TRAIN067207.jpg,0,7
../data/EyePACS_AIROGS/NRG/TRAIN076994.jpg,0,3
../data/EyePACS_AIROGS/RG/TRAIN049946.jpg,1,7
../data/EyePACS_AIROGS/RG/TRAIN025762.jpg,1,2
../data/EyePACS_AIROGS/NRG/TRAIN055927.jpg,0,3
../data/EyePACS_AIROGS/RG/TRAIN011476.jpg,1,2
../data/EyePACS_AIROGS/NRG/TRAIN015223.jpg,0,7
../data/EyePACS_AIROGS/RG/TRAIN043967.jpg,1,7
../data/EyePACS_AIROGS/RG/TRAIN055798.jpg,1,7
../data/EyePACS_AIROGS/RG/TRAIN098479.jpg,1,7
../data/EyePACS_AIROGS/NRG/TRAIN090445.jpg,0,7
../data/EyePACS_AIROGS/RG/TRAIN078700.jpg,1,7
../data/EyePACS_AIROGS/NRG/TRAIN016362.jpg,0,3
../data/EyePACS_AIROGS/NRG/TRAIN040512.jpg,0,6
../data/EyePACS_AIROGS/NRG/TRAIN074650.jpg,0,2
../data/EyePACS_AIROGS/RG/TRAIN014731.jpg,1,3
../data/EyePACS_AIROGS/NRG/TRAIN054146.jpg,0,2
../data/EyePACS_AIROGS/RG/TRAIN082397.jpg,1,7
../data/EyePACS_AIROGS/NRG/TRAIN063783.jpg,0,7
../data/EyePACS_AIROGS/RG/TRAIN094426.jpg,1,7
../data/EyePACS_AIROGS/RG/TRAIN053132.jpg,1,7
../data/EyePACS_AIROGS/RG/TRAIN077739.jpg,1,3
../data/EyePACS_AIROGS/RG/TRAIN002568.jpg,1,3
../data/EyePACS_AIROGS/NRG/TRAIN057407.jpg,0,2
../data/EyePACS_AIROGS/RG/TRAIN024379.jpg,1,2
../data/EyePACS_AIROGS/RG/TRAIN000701.jpg,1,3
../data/EyePACS_AIROGS/RG/TRAIN007979.jpg,1,7
../data/EyePACS_AIROGS/NRG/TRAIN061102.jpg,0,2
../data/EyePACS_AIROGS/NRG/TRAIN061661.jpg,0,7
../data/EyePACS_AIROGS/NRG/TRAIN026642.jpg,0,7
../data/EyePACS_AIROGS/RG/TRAIN061626.jpg,1,7
../data/EyePACS_AIROGS/RG/TRAIN063415.jpg,1,7
../data/EyePACS_AIROGS/RG/TRAIN042267.jpg,1,3
../data/EyePACS_AIROGS/RG/TRAIN020546.jpg,1,3
../data/EyePACS_AIROGS/RG/TRAIN006562.jpg,1,7
../data/EyePACS_AIROGS/NRG/TRAIN053862.jpg,0,2
../data/EyePACS_AIROGS/NRG/TRAIN088986.jpg,0,3
../data/EyePACS_AIROGS/NRG/TRAIN100981.jpg,0,3
../data/EyePACS_AIROGS/NRG/TRAIN034463.jpg,0,7
../data/EyePACS_AIROGS/NRG/TRAIN036455.jpg,0,7
../data/EyePACS_AIROGS/NRG/TRAIN066735.jpg,0,7
../data/EyePACS_AIROGS/NRG/TRAIN031640.jpg,0,3
../data/EyePACS_AIROGS/NRG/TRAIN070398.jpg,0,7
../data/EyePACS_AIROGS/RG/TRAIN043511.jpg,1,3
../data/EyePACS_AIROGS/RG/TRAIN088131.jpg,1,7
../data/EyePACS_AIROGS/NRG/TRAIN035585.jpg,0,7
../data/EyePACS_AIROGS/NRG/TRAIN032814.jpg,0,6
../data/EyePACS_AIROGS/RG/TRAIN028447.jpg,1,2
../data/EyePACS_AIROGS/RG/TRAIN074504.jpg,1,6
../data/EyePACS_AIROGS/RG/TRAIN025257.jpg,1,7
../data/EyePACS_AIROGS/NRG/TRAIN096816.jpg,0,2
../data/EyePACS_AIROGS/NRG/TRAIN045293.jpg,0,2
../data/EyePACS_AIROGS/NRG/TRAIN020815.jpg,0,6
../data/EyePACS_AIROGS/NRG/TRAIN068416.jpg,0,7
../data/EyePACS_AIROGS/NRG/TRAIN050667.jpg,0,7
../data/EyePACS_AIROGS/NRG/TRAIN097558.jpg,0,3
../data/EyePACS_AIROGS/NRG/TRAIN099220.jpg,0,3
../data/EyePACS_AIROGS/RG/TRAIN020925.jpg,1,2
../data/EyePACS_AIROGS/NRG/TRAIN044527.jpg,0,3
../data/EyePACS_AIROGS/RG/TRAIN006971.jpg,1,7
../data/EyePACS_AIROGS/RG/TRAIN091694.jpg,1,7
../data/EyePACS_AIROGS/NRG/TRAIN093262.jpg,0,7
../data/EyePACS_AIROGS/NRG/TRAIN020428.jpg,0,3
../data/EyePACS_AIROGS/RG/TRAIN086604.jpg,1,2
../data/EyePACS_AIROGS/NRG/TRAIN067878.jpg,0,7
../data/EyePACS_AIROGS/NRG/TRAIN063040.jpg,0,7
../data/EyePACS_AIROGS/RG/TRAIN036927.jpg,1,2
../data/EyePACS_AIROGS/RG/TRAIN066387.jpg,1,3
../data/EyePACS_AIROGS/RG/TRAIN094907.jpg,1,2
../data/EyePACS_AIROGS/NRG/TRAIN071366.jpg,0,3
../data/EyePACS_AIROGS/NRG/TRAIN065919.jpg,0,3
../data/EyePACS_AIROGS/NRG/TRAIN016303.jpg,0,3
../data/EyePACS_AIROGS/RG/TRAIN042785.jpg,1,3
../data/EyePACS_AIROGS/NRG/TRAIN097285.jpg,0,7
../data/EyePACS_AIROGS/RG/TRAIN070820.jpg,1,3
../data/EyePACS_AIROGS/RG/TRAIN092535.jpg,1,3
../data/EyePACS_AIROGS/RG/TRAIN049880.jpg,1,3
../data/EyePACS_AIROGS/NRG/TRAIN002072.jpg,0,7
../data/EyePACS_AIROGS/RG/TRAIN026794.jpg,1,3
../data/EyePACS_AIROGS/NRG/TRAIN087850.jpg,0,3
../data/EyePACS_AIROGS/NRG/TRAIN050512.jpg,0,3
../data/EyePACS_AIROGS/NRG/TRAIN059813.jpg,0,6
../data/EyePACS_AIROGS/NRG/TRAIN005662.jpg,0,3
../data/EyePACS_AIROGS/RG/TRAIN075600.jpg,1,7
../data/EyePACS_AIROGS/NRG/TRAIN086441.jpg,0,3
../data/EyePACS_AIROGS/NRG/TRAIN100664.jpg,0,7
../data/EyePACS_AIROGS/NRG/TRAIN006950.jpg,0,7
../data/EyePACS_AIROGS/NRG/TRAIN033242.jpg,0,7
../data/EyePACS_AIROGS/RG/TRAIN004615.jpg,1,3
../data/EyePACS_AIROGS/NRG/TRAIN013813.jpg,0,7
../data/EyePACS_AIROGS/NRG/TRAIN046845.jpg,0,5
../data/EyePACS_AIROGS/NRG/TRAIN086927.jpg,0,3
../data/EyePACS_AIROGS/RG/TRAIN025427.jpg,1,3
../data/EyePACS_AIROGS/NRG/TRAIN089048.jpg,0,7
../data/EyePACS_AIROGS/RG/TRAIN071592.jpg,1,7
../data/EyePACS_AIROGS/NRG/TRAIN042760.jpg,0,3
../data/EyePACS_AIROGS/NRG/TRAIN101169.jpg,0,7
../data/EyePACS_AIROGS/RG/TRAIN025117.jpg,1,1
../data/EyePACS_AIROGS/NRG/TRAIN011128.jpg,0,1
../data/EyePACS_AIROGS/NRG/TRAIN039179.jpg,0,7
../data/EyePACS_AIROGS/NRG/TRAIN026540.jpg,0,7
../data/EyePACS_AIROGS/RG/TRAIN029079.jpg,1,7
../data/EyePACS_AIROGS/NRG/TRAIN033612.jpg,0,6
../data/EyePACS_AIROGS/NRG/TRAIN024823.jpg,0,7
../data/EyePACS_AIROGS/NRG/TRAIN076560.jpg,0,7
../data/EyePACS_AIROGS/NRG/TRAIN084588.jpg,0,7
../data/EyePACS_AIROGS/RG/TRAIN055334.jpg,1,3
../data/EyePACS_AIROGS/RG/TRAIN081620.jpg,1,2
../data/EyePACS_AIROGS/NRG/TRAIN030620.jpg,0,6
../data/EyePACS_AIROGS/NRG/TRAIN071001.jpg,0,7
../data/EyePACS_AIROGS/RG/TRAIN099023.jpg,1,3
../data/EyePACS_AIROGS/RG/TRAIN056490.jpg,1,7
../data/EyePACS_AIROGS/RG/TRAIN027765.jpg,1,7
../data/EyePACS_AIROGS/NRG/TRAIN001587.jpg,0,7
../data/EyePACS_AIROGS/NRG/TRAIN035140.jpg,0,6
../data/EyePACS_AIROGS/RG/TRAIN027045.jpg,1,2
../data/EyePACS_AIROGS/NRG/TRAIN016982.jpg,0,3
../data/EyePACS_AIROGS/RG/TRAIN008694.jpg,1,7
../data/EyePACS_AIROGS/RG/TRAIN095404.jpg,1,1
../data/EyePACS_AIROGS/RG/TRAIN034725.jpg,1,7
../data/EyePACS_AIROGS/NRG/TRAIN009601.jpg,0,3
../data/EyePACS_AIROGS/NRG/TRAIN100579.jpg,0,7
../data/EyePACS_AIROGS/RG/TRAIN046508.jpg,1,3
../data/EyePACS_AIROGS/NRG/TRAIN059204.jpg,0,5
../data/EyePACS_AIROGS/RG/TRAIN011853.jpg,1,6
../data/EyePACS_AIROGS/RG/TRAIN047009.jpg,1,7
../data/EyePACS_AIROGS/RG/TRAIN097657.jpg,1,3
../data/EyePACS_AIROGS/NRG/TRAIN011457.jpg,0,3
../data/EyePACS_AIROGS/NRG/TRAIN012760.jpg,0,7
../data/EyePACS_AIROGS/NRG/TRAIN063507.jpg,0,1
../data/EyePACS_AIROGS/RG/TRAIN049928.jpg,1,3
../data/EyePACS_AIROGS/RG/TRAIN053893.jpg,1,3
../data/EyePACS_AIROGS/RG/TRAIN035388.jpg,1,3
../data/EyePACS_AIROGS/RG/TRAIN075270.jpg,1,6
../data/EyePACS_AIROGS/RG/TRAIN014865.jpg,1,7
../data/EyePACS_AIROGS/RG/TRAIN074393.jpg,1,7
../data/EyePACS_AIROGS/RG/TRAIN011608.jpg,1,3
../data/EyePACS_AIROGS/RG/TRAIN073720.jpg,1,3
../data/EyePACS_AIROGS/NRG/TRAIN034325.jpg,0,3
../data/EyePACS_AIROGS/RG/TRAIN066224.jpg,1,3
../data/EyePACS_AIROGS/RG/TRAIN078386.jpg,1,3
../data/EyePACS_AIROGS/NRG/TRAIN092227.jpg,0,7
../data/EyePACS_AIROGS/NRG/TRAIN088445.jpg,0,5
../data/EyePACS_AIROGS/RG/TRAIN013875.jpg,1,3
../data/EyePACS_AIROGS/NRG/TRAIN065577.jpg,0,7
../data/EyePACS_AIROGS/NRG/TRAIN067636.jpg,0,7
../data/EyePACS_AIROGS/RG/TRAIN027731.jpg,1,3
../data/EyePACS_AIROGS/RG/TRAIN075981.jpg,1,7
../data/EyePACS_AIROGS/NRG/TRAIN054557.jpg,0,3
../data/EyePACS_AIROGS/NRG/TRAIN012017.jpg,0,3
../data/EyePACS_AIROGS/RG/TRAIN033296.jpg,1,7
../data/EyePACS_AIROGS/NRG/TRAIN028965.jpg,0,7
../data/EyePACS_AIROGS/NRG/TRAIN000712.jpg,0,7
../data/EyePACS_AIROGS/NRG/TRAIN090220.jpg,0,2
../data/EyePACS_AIROGS/NRG/TRAIN030098.jpg,0,3
../data/EyePACS_AIROGS/RG/TRAIN004309.jpg,1,3
../data/EyePACS_AIROGS/RG/TRAIN100047.jpg,1,3
../data/EyePACS_AIROGS/RG/TRAIN088930.jpg,1,7
../data/EyePACS_AIROGS/RG/TRAIN065228.jpg,1,2
../data/EyePACS_AIROGS/NRG/TRAIN034778.jpg,0,3
../data/EyePACS_AIROGS/NRG/TRAIN028737.jpg,0,7
../data/EyePACS_AIROGS/NRG/TRAIN082507.jpg,0,7
../data/EyePACS_AIROGS/RG/TRAIN093263.jpg,1,3
../data/EyePACS_AIROGS/RG/TRAIN059986.jpg,1,3
../data/EyePACS_AIROGS/RG/TRAIN101266.jpg,1,3
../data/EyePACS_AIROGS/NRG/TRAIN041881.jpg,0,5
../data/EyePACS_AIROGS/RG/TRAIN008345.jpg,1,3
../data/EyePACS_AIROGS/RG/TRAIN062672.jpg,1,3
../data/EyePACS_AIROGS/NRG/TRAIN018723.jpg,0,6
../data/EyePACS_AIROGS/RG/TRAIN094923.jpg,1,0
../data/EyePACS_AIROGS/RG/TRAIN035014.jpg,1,7
../data/EyePACS_AIROGS/NRG/TRAIN075894.jpg,0,1
../data/EyePACS_AIROGS/NRG/TRAIN032086.jpg,0,7
../data/EyePACS_AIROGS/RG/TRAIN092156.jpg,1,3
../data/EyePACS_AIROGS/NRG/TRAIN033865.jpg,0,7
../data/EyePACS_AIROGS/RG/TRAIN065161.jpg,1,6
../data/EyePACS_AIROGS/RG/TRAIN003785.jpg,1,2
../data/EyePACS_AIROGS/RG/TRAIN085020.jpg,1,3
../data/EyePACS_AIROGS/NRG/TRAIN068921.jpg,0,3
../data/EyePACS_AIROGS/RG/TRAIN006651.jpg,1,6
../data/EyePACS_AIROGS/RG/TRAIN000744.jpg,1,3
../data/EyePACS_AIROGS/RG/TRAIN029205.jpg,1,7
../data/EyePACS_AIROGS/RG/TRAIN061525.jpg,1,7
../data/EyePACS_AIROGS/RG/TRAIN063939.jpg,1,7
../data/EyePACS_AIROGS/NRG/TRAIN055256.jpg,0,0
../data/EyePACS_AIROGS/RG/TRAIN055654.jpg,1,7
../data/EyePACS_AIROGS/NRG/TRAIN095305.jpg,0,3
../data/EyePACS_AIROGS/RG/TRAIN014467.jpg,1,2
../data/EyePACS_AIROGS/NRG/TRAIN091895.jpg,0,5
../data/EyePACS_AIROGS/NRG/TRAIN091150.jpg,0,3
../data/EyePACS_AIROGS/RG/TRAIN048828.jpg,1,5
../data/EyePACS_AIROGS/NRG/TRAIN002588.jpg,0,3
../data/EyePACS_AIROGS/RG/TRAIN099859.jpg,1,7
../data/EyePACS_AIROGS/NRG/TRAIN085653.jpg,0,3
../data/EyePACS_AIROGS/RG/TRAIN020995.jpg,1,7
../data/EyePACS_AIROGS/RG/TRAIN087430.jpg,1,7
../data/EyePACS_AIROGS/RG/TRAIN044088.jpg,1,6
../data/EyePACS_AIROGS/NRG/TRAIN030965.jpg,0,7
../data/EyePACS_AIROGS/RG/TRAIN090528.jpg,1,7
../data/EyePACS_AIROGS/RG/TRAIN044328.jpg,1,7
../data/EyePACS_AIROGS/NRG/TRAIN066003.jpg,0,3
../data/EyePACS_AIROGS/RG/TRAIN056588.jpg,1,3
../data/EyePACS_AIROGS/RG/TRAIN010649.jpg,1,3
../data/EyePACS_AIROGS/NRG/TRAIN003869.jpg,0,3
../data/EyePACS_AIROGS/RG/TRAIN038883.jpg,1,3
../data/EyePACS_AIROGS/NRG/TRAIN077031.jpg,0,3
../data/EyePACS_AIROGS/NRG/TRAIN001366.jpg,0,3
../data/EyePACS_AIROGS/NRG/TRAIN022268.jpg,0,3
../data/EyePACS_AIROGS/RG/TRAIN082701.jpg,1,7
../data/EyePACS_AIROGS/NRG/TRAIN026118.jpg,0,6
../data/EyePACS_AIROGS/NRG/TRAIN025244.jpg,0,6
../data/EyePACS_AIROGS/RG/TRAIN054744.jpg,1,7
../data/EyePACS_AIROGS/RG/TRAIN044969.jpg,1,3
../data/EyePACS_AIROGS/NRG/TRAIN096918.jpg,0,3
../data/EyePACS_AIROGS/NRG/TRAIN077007.jpg,0,7
../data/EyePACS_AIROGS/NRG/TRAIN076171.jpg,0,6
../data/EyePACS_AIROGS/RG/TRAIN068728.jpg,1,3
../data/EyePACS_AIROGS/RG/TRAIN045657.jpg,1,7
../data/EyePACS_AIROGS/NRG/TRAIN037317.jpg,0,1
../data/EyePACS_AIROGS/NRG/TRAIN093835.jpg,0,7
../data/EyePACS_AIROGS/RG/TRAIN001797.jpg,1,3
../data/EyePACS_AIROGS/NRG/TRAIN027020.jpg,0,3
../data/EyePACS_AIROGS/NRG/TRAIN036858.jpg,0,2
../data/EyePACS_AIROGS/NRG/TRAIN081645.jpg,0,3
../data/EyePACS_AIROGS/NRG/TRAIN069175.jpg,0,3
../data/EyePACS_AIROGS/RG/TRAIN033976.jpg,1,6
../data/EyePACS_AIROGS/RG/TRAIN019113.jpg,1,3
../data/EyePACS_AIROGS/RG/TRAIN092820.jpg,1,0
../data/EyePACS_AIROGS/NRG/TRAIN070524.jpg,0,7
../data/EyePACS_AIROGS/RG/TRAIN079394.jpg,1,3
../data/EyePACS_AIROGS/RG/TRAIN018324.jpg,1,5
../data/EyePACS_AIROGS/NRG/TRAIN004469.jpg,0,3
../data/EyePACS_AIROGS/RG/TRAIN030660.jpg,1,6
../data/EyePACS_AIROGS/NRG/TRAIN069429.jpg,0,2
../data/EyePACS_AIROGS/RG/TRAIN008344.jpg,1,3
../data/EyePACS_AIROGS/RG/TRAIN007582.jpg,1,3
../data/EyePACS_AIROGS/RG/TRAIN088448.jpg,1,2
../data/EyePACS_AIROGS/NRG/TRAIN006733.jpg,0,3
../data/EyePACS_AIROGS/NRG/TRAIN045760.jpg,0,3
../data/EyePACS_AIROGS/NRG/TRAIN062608.jpg,0,2
../data/EyePACS_AIROGS/RG/TRAIN011753.jpg,1,2
../data/EyePACS_AIROGS/NRG/TRAIN082529.jpg,0,6
../data/EyePACS_AIROGS/RG/TRAIN060454.jpg,1,6
../data/EyePACS_AIROGS/NRG/TRAIN036806.jpg,0,2
../data/EyePACS_AIROGS/NRG/TRAIN015698.jpg,0,7
../data/EyePACS_AIROGS/RG/TRAIN032947.jpg,1,6
../data/EyePACS_AIROGS/NRG/TRAIN083274.jpg,0,3
../data/EyePACS_AIROGS/NRG/TRAIN045116.jpg,0,2
../data/EyePACS_AIROGS/NRG/TRAIN037115.jpg,0,7
../data/EyePACS_AIROGS/RG/TRAIN088149.jpg,1,7
../data/EyePACS_AIROGS/NRG/TRAIN045377.jpg,0,7
../data/EyePACS_AIROGS/RG/TRAIN069662.jpg,1,7
../data/EyePACS_AIROGS/RG/TRAIN014964.jpg,1,3
../data/EyePACS_AIROGS/RG/TRAIN083125.jpg,1,6
../data/EyePACS_AIROGS/NRG/TRAIN081749.jpg,0,3
../data/EyePACS_AIROGS/RG/TRAIN048397.jpg,1,3
../data/EyePACS_AIROGS/NRG/TRAIN038629.jpg,0,7
../data/EyePACS_AIROGS/RG/TRAIN017449.jpg,1,1
../data/EyePACS_AIROGS/RG/TRAIN025328.jpg,1,3
../data/EyePACS_AIROGS/NRG/TRAIN024015.jpg,0,7
../data/EyePACS_AIROGS/RG/TRAIN095837.jpg,1,3
../data/EyePACS_AIROGS/NRG/TRAIN079043.jpg,0,3
../data/EyePACS_AIROGS/RG/TRAIN032250.jpg,1,7
../data/EyePACS_AIROGS/NRG/TRAIN010711.jpg,0,7
../data/EyePACS_AIROGS/NRG/TRAIN085164.jpg,0,7
../data/EyePACS_AIROGS/RG/TRAIN052995.jpg,1,7
../data/EyePACS_AIROGS/RG/TRAIN080016.jpg,1,7
../data/EyePACS_AIROGS/RG/TRAIN028368.jpg,1,2
../data/EyePACS_AIROGS/NRG/TRAIN100950.jpg,0,3
../data/EyePACS_AIROGS/RG/TRAIN054183.jpg,1,3
../data/EyePACS_AIROGS/RG/TRAIN070342.jpg,1,7
../data/EyePACS_AIROGS/NRG/TRAIN076502.jpg,0,3
../data/EyePACS_AIROGS/RG/TRAIN005718.jpg,1,3
../data/EyePACS_AIROGS/RG/TRAIN061576.jpg,1,6
../data/EyePACS_AIROGS/RG/TRAIN039744.jpg,1,3
../data/EyePACS_AIROGS/RG/TRAIN053377.jpg,1,2
../data/EyePACS_AIROGS/NRG/TRAIN080088.jpg,0,7
../data/EyePACS_AIROGS/NRG/TRAIN094791.jpg,0,7
../data/EyePACS_AIROGS/RG/TRAIN023733.jpg,1,3
../data/EyePACS_AIROGS/NRG/TRAIN037284.jpg,0,3
../data/EyePACS_AIROGS/NRG/TRAIN040044.jpg,0,6
../data/EyePACS_AIROGS/NRG/TRAIN039929.jpg,0,7
../data/EyePACS_AIROGS/RG/TRAIN074189.jpg,1,7
../data/EyePACS_AIROGS/RG/TRAIN005818.jpg,1,7
../data/EyePACS_AIROGS/NRG/TRAIN005352.jpg,0,7
../data/EyePACS_AIROGS/RG/TRAIN019369.jpg,1,7
../data/EyePACS_AIROGS/NRG/TRAIN097771.jpg,0,3
../data/EyePACS_AIROGS/NRG/TRAIN018812.jpg,0,3
../data/EyePACS_AIROGS/NRG/TRAIN035389.jpg,0,6
../data/EyePACS_AIROGS/RG/TRAIN083896.jpg,1,6
../data/EyePACS_AIROGS/RG/TRAIN056474.jpg,1,3
../data/EyePACS_AIROGS/NRG/TRAIN067618.jpg,0,3
../data/EyePACS_AIROGS/NRG/TRAIN040579.jpg,0,3
../data/EyePACS_AIROGS/RG/TRAIN012844.jpg,1,2
../data/EyePACS_AIROGS/NRG/TRAIN013617.jpg,0,7
../data/EyePACS_AIROGS/RG/TRAIN019372.jpg,1,7
../data/EyePACS_AIROGS/RG/TRAIN083268.jpg,1,7
../data/EyePACS_AIROGS/NRG/TRAIN094712.jpg,0,1
../data/EyePACS_AIROGS/NRG/TRAIN007528.jpg,0,3
../data/EyePACS_AIROGS/RG/TRAIN011971.jpg,1,7
../data/EyePACS_AIROGS/NRG/TRAIN084993.jpg,0,3
../data/EyePACS_AIROGS/RG/TRAIN000465.jpg,1,5
../data/EyePACS_AIROGS/RG/TRAIN030834.jpg,1,5
../data/EyePACS_AIROGS/NRG/TRAIN097303.jpg,0,3
../data/EyePACS_AIROGS/RG/TRAIN080239.jpg,1,3
../data/EyePACS_AIROGS/RG/TRAIN097588.jpg,1,3
../data/EyePACS_AIROGS/NRG/TRAIN095114.jpg,0,3
../data/EyePACS_AIROGS/NRG/TRAIN034287.jpg,0,6
../data/EyePACS_AIROGS/RG/TRAIN018064.jpg,1,3
../data/EyePACS_AIROGS/RG/TRAIN064834.jpg,1,3
../data/EyePACS_AIROGS/RG/TRAIN044285.jpg,1,7
../data/EyePACS_AIROGS/RG/TRAIN044627.jpg,1,7
../data/EyePACS_AIROGS/RG/TRAIN071242.jpg,1,2
../data/EyePACS_AIROGS/RG/TRAIN066218.jpg,1,3
../data/EyePACS_AIROGS/RG/TRAIN040943.jpg,1,3
../data/EyePACS_AIROGS/NRG/TRAIN002756.jpg,0,7
../data/EyePACS_AIROGS/NRG/TRAIN096780.jpg,0,3
../data/EyePACS_AIROGS/RG/TRAIN017565.jpg,1,3
../data/EyePACS_AIROGS/RG/TRAIN026879.jpg,1,7
../data/EyePACS_AIROGS/NRG/TRAIN025047.jpg,0,7
../data/EyePACS_AIROGS/RG/TRAIN010604.jpg,1,3
../data/EyePACS_AIROGS/RG/TRAIN063967.jpg,1,7
../data/EyePACS_AIROGS/RG/TRAIN080196.jpg,1,2
../data/EyePACS_AIROGS/NRG/TRAIN038420.jpg,0,7
../data/EyePACS_AIROGS/RG/TRAIN032806.jpg,1,3
../data/EyePACS_AIROGS/NRG/TRAIN069534.jpg,0,7
../data/EyePACS_AIROGS/NRG/TRAIN097298.jpg,0,3
../data/EyePACS_AIROGS/RG/TRAIN006092.jpg,1,7
../data/EyePACS_AIROGS/RG/TRAIN048797.jpg,1,7
../data/EyePACS_AIROGS/NRG/TRAIN016643.jpg,0,7
../data/EyePACS_AIROGS/RG/TRAIN004609.jpg,1,3
../data/EyePACS_AIROGS/RG/TRAIN078323.jpg,1,7
../data/EyePACS_AIROGS/NRG/TRAIN034668.jpg,0,3
../data/EyePACS_AIROGS/RG/TRAIN086365.jpg,1,7
../data/EyePACS_AIROGS/NRG/TRAIN034363.jpg,0,6
../data/EyePACS_AIROGS/NRG/TRAIN029130.jpg,0,7
../data/EyePACS_AIROGS/NRG/TRAIN053663.jpg,0,3
../data/EyePACS_AIROGS/NRG/TRAIN030691.jpg,0,3
../data/EyePACS_AIROGS/RG/TRAIN048576.jpg,1,7
../data/EyePACS_AIROGS/NRG/TRAIN074405.jpg,0,3
../data/EyePACS_AIROGS/RG/TRAIN038817.jpg,1,7
../data/EyePACS_AIROGS/NRG/TRAIN068063.jpg,0,2
../data/EyePACS_AIROGS/RG/TRAIN096622.jpg,1,7
../data/EyePACS_AIROGS/RG/TRAIN024462.jpg,1,7
../data/EyePACS_AIROGS/NRG/TRAIN065422.jpg,0,2
../data/EyePACS_AIROGS/RG/TRAIN009238.jpg,1,2
../data/EyePACS_AIROGS/NRG/TRAIN089957.jpg,0,7
../data/EyePACS_AIROGS/NRG/TRAIN067025.jpg,0,2
../data/EyePACS_AIROGS/RG/TRAIN020430.jpg,1,7
../data/EyePACS_AIROGS/RG/TRAIN030997.jpg,1,3
../data/EyePACS_AIROGS/RG/TRAIN070779.jpg,1,3
../data/EyePACS_AIROGS/NRG/TRAIN085434.jpg,0,3
../data/EyePACS_AIROGS/NRG/TRAIN003559.jpg,0,7
../data/EyePACS_AIROGS/RG/TRAIN051323.jpg,1,3
../data/EyePACS_AIROGS/RG/TRAIN006788.jpg,1,7
../data/EyePACS_AIROGS/RG/TRAIN097059.jpg,1,7
../data/EyePACS_AIROGS/NRG/TRAIN028786.jpg,0,7
../data/EyePACS_AIROGS/RG/TRAIN079732.jpg,1,3
../data/EyePACS_AIROGS/NRG/TRAIN019860.jpg,0,3
../data/EyePACS_AIROGS/RG/TRAIN063679.jpg,1,3
../data/EyePACS_AIROGS/RG/TRAIN093069.jpg,1,7
../data/EyePACS_AIROGS/NRG/TRAIN007170.jpg,0,1
../data/EyePACS_AIROGS/RG/TRAIN019682.jpg,1,3
../data/EyePACS_AIROGS/RG/TRAIN015570.jpg,1,2
../data/EyePACS_AIROGS/RG/TRAIN036397.jpg,1,7
../data/EyePACS_AIROGS/NRG/TRAIN060371.jpg,0,7
../data/EyePACS_AIROGS/RG/TRAIN033667.jpg,1,3
../data/EyePACS_AIROGS/RG/TRAIN065440.jpg,1,3
../data/EyePACS_AIROGS/NRG/TRAIN019652.jpg,0,7
../data/EyePACS_AIROGS/NRG/TRAIN030900.jpg,0,7
../data/EyePACS_AIROGS/NRG/TRAIN073860.jpg,0,3
../data/EyePACS_AIROGS/RG/TRAIN004733.jpg,1,7
../data/EyePACS_AIROGS/NRG/TRAIN052398.jpg,0,3
../data/EyePACS_AIROGS/RG/TRAIN034221.jpg,1,2
../data/EyePACS_AIROGS/RG/TRAIN075342.jpg,1,2
../data/EyePACS_AIROGS/RG/TRAIN057971.jpg,1,3
../data/EyePACS_AIROGS/RG/TRAIN029436.jpg,1,7
../data/EyePACS_AIROGS/RG/TRAIN064311.jpg,1,3
../data/EyePACS_AIROGS/RG/TRAIN063574.jpg,1,7
../data/EyePACS_AIROGS/RG/TRAIN049557.jpg,1,3
../data/EyePACS_AIROGS/NRG/TRAIN079178.jpg,0,3
../data/EyePACS_AIROGS/RG/TRAIN007295.jpg,1,2
../data/EyePACS_AIROGS/RG/TRAIN063633.jpg,1,7
../data/EyePACS_AIROGS/NRG/TRAIN003600.jpg,0,6
../data/EyePACS_AIROGS/NRG/TRAIN031103.jpg,0,1
../data/EyePACS_AIROGS/RG/TRAIN059168.jpg,1,7
../data/EyePACS_AIROGS/NRG/TRAIN073064.jpg,0,7
../data/EyePACS_AIROGS/RG/TRAIN087459.jpg,1,6
../data/EyePACS_AIROGS/NRG/TRAIN072845.jpg,0,3
../data/EyePACS_AIROGS/NRG/TRAIN053861.jpg,0,6
../data/EyePACS_AIROGS/NRG/TRAIN050674.jpg,0,7
../data/EyePACS_AIROGS/NRG/TRAIN022056.jpg,0,7
../data/EyePACS_AIROGS/RG/TRAIN082246.jpg,1,3
../data/EyePACS_AIROGS/RG/TRAIN006199.jpg,1,7
../data/EyePACS_AIROGS/NRG/TRAIN101432.jpg,0,7
../data/EyePACS_AIROGS/NRG/TRAIN098594.jpg,0,5
../data/EyePACS_AIROGS/NRG/TRAIN078291.jpg,0,3
../data/EyePACS_AIROGS/NRG/TRAIN098648.jpg,0,7
../data/EyePACS_AIROGS/RG/TRAIN029532.jpg,1,7
../data/EyePACS_AIROGS/RG/TRAIN018983.jpg,1,7
../data/EyePACS_AIROGS/NRG/TRAIN046668.jpg,0,3
../data/EyePACS_AIROGS/RG/TRAIN073920.jpg,1,7
../data/EyePACS_AIROGS/RG/TRAIN076129.jpg,1,3
../data/EyePACS_AIROGS/RG/TRAIN078787.jpg,1,3
../data/EyePACS_AIROGS/NRG/TRAIN087910.jpg,0,3
../data/EyePACS_AIROGS/NRG/TRAIN051363.jpg,0,3
../data/EyePACS_AIROGS/RG/TRAIN063794.jpg,1,7
../data/EyePACS_AIROGS/NRG/TRAIN076611.jpg,0,3
../data/EyePACS_AIROGS/NRG/TRAIN043921.jpg,0,5
../data/EyePACS_AIROGS/RG/TRAIN077000.jpg,1,7
../data/EyePACS_AIROGS/NRG/TRAIN025461.jpg,0,3
../data/EyePACS_AIROGS/RG/TRAIN038771.jpg,1,3
../data/EyePACS_AIROGS/NRG/TRAIN020731.jpg,0,1
../data/EyePACS_AIROGS/NRG/TRAIN021976.jpg,0,7
../data/EyePACS_AIROGS/NRG/TRAIN036846.jpg,0,7
../data/EyePACS_AIROGS/NRG/TRAIN016840.jpg,0,5
../data/EyePACS_AIROGS/RG/TRAIN068870.jpg,1,2
../data/EyePACS_AIROGS/RG/TRAIN095486.jpg,1,7
../data/EyePACS_AIROGS/RG/TRAIN088992.jpg,1,2
../data/EyePACS_AIROGS/RG/TRAIN039293.jpg,1,7
../data/EyePACS_AIROGS/NRG/TRAIN022548.jpg,0,3
../data/EyePACS_AIROGS/RG/TRAIN038348.jpg,1,5
../data/EyePACS_AIROGS/NRG/TRAIN080422.jpg,0,7
../data/EyePACS_AIROGS/NRG/TRAIN101359.jpg,0,3
../data/EyePACS_AIROGS/RG/TRAIN008447.jpg,1,3
../data/EyePACS_AIROGS/NRG/TRAIN098243.jpg,0,7
../data/EyePACS_AIROGS/NRG/TRAIN097471.jpg,0,7
../data/EyePACS_AIROGS/NRG/TRAIN089529.jpg,0,6
../data/EyePACS_AIROGS/RG/TRAIN050463.jpg,1,3
../data/EyePACS_AIROGS/NRG/TRAIN046249.jpg,0,2
../data/EyePACS_AIROGS/NRG/TRAIN101031.jpg,0,2
../data/EyePACS_AIROGS/RG/TRAIN014563.jpg,1,7
../data/EyePACS_AIROGS/RG/TRAIN075067.jpg,1,7
../data/EyePACS_AIROGS/RG/TRAIN089552.jpg,1,6
../data/EyePACS_AIROGS/RG/TRAIN013520.jpg,1,6
../data/EyePACS_AIROGS/NRG/TRAIN003996.jpg,0,3
../data/EyePACS_AIROGS/RG/TRAIN083933.jpg,1,3
../data/EyePACS_AIROGS/NRG/TRAIN097008.jpg,0,7
../data/EyePACS_AIROGS/RG/TRAIN017068.jpg,1,3
../data/EyePACS_AIROGS/RG/TRAIN049380.jpg,1,3
../data/EyePACS_AIROGS/RG/TRAIN069154.jpg,1,3
../data/EyePACS_AIROGS/NRG/TRAIN077117.jpg,0,7
../data/EyePACS_AIROGS/NRG/TRAIN094749.jpg,0,7
../data/EyePACS_AIROGS/NRG/TRAIN050017.jpg,0,3
../data/EyePACS_AIROGS/RG/TRAIN023197.jpg,1,7
../data/EyePACS_AIROGS/RG/TRAIN023998.jpg,1,7
../data/EyePACS_AIROGS/NRG/TRAIN088922.jpg,0,3
../data/EyePACS_AIROGS/RG/TRAIN049833.jpg,1,6
../data/EyePACS_AIROGS/RG/TRAIN022607.jpg,1,3
../data/EyePACS_AIROGS/NRG/TRAIN083586.jpg,0,7
../data/EyePACS_AIROGS/RG/TRAIN022388.jpg,1,7
../data/EyePACS_AIROGS/RG/TRAIN001800.jpg,1,3
../data/EyePACS_AIROGS/NRG/TRAIN046376.jpg,0,7
../data/EyePACS_AIROGS/RG/TRAIN058403.jpg,1,3
../data/EyePACS_AIROGS/RG/TRAIN032749.jpg,1,7
../data/EyePACS_AIROGS/NRG/TRAIN033148.jpg,0,7
../data/EyePACS_AIROGS/NRG/TRAIN008682.jpg,0,3
../data/EyePACS_AIROGS/RG/TRAIN021499.jpg,1,3
../data/EyePACS_AIROGS/NRG/TRAIN066212.jpg,0,3
../data/EyePACS_AIROGS/NRG/TRAIN047400.jpg,0,3
../data/EyePACS_AIROGS/NRG/TRAIN013547.jpg,0,3
../data/EyePACS_AIROGS/RG/TRAIN073862.jpg,1,2
../data/EyePACS_AIROGS/NRG/TRAIN030348.jpg,0,3
../data/EyePACS_AIROGS/RG/TRAIN003847.jpg,1,7
../data/EyePACS_AIROGS/NRG/TRAIN069644.jpg,0,3
../data/EyePACS_AIROGS/NRG/TRAIN029748.jpg,0,2
../data/EyePACS_AIROGS/NRG/TRAIN002268.jpg,0,3
../data/EyePACS_AIROGS/RG/TRAIN032937.jpg,1,3
../data/EyePACS_AIROGS/NRG/TRAIN065191.jpg,0,7
../data/EyePACS_AIROGS/NRG/TRAIN006008.jpg,0,7
../data/EyePACS_AIROGS/NRG/TRAIN006561.jpg,0,7
../data/EyePACS_AIROGS/NRG/TRAIN044243.jpg,0,7
../data/EyePACS_AIROGS/RG/TRAIN018671.jpg,1,3
../data/EyePACS_AIROGS/RG/TRAIN095937.jpg,1,7
../data/EyePACS_AIROGS/NRG/TRAIN052115.jpg,0,6
../data/EyePACS_AIROGS/NRG/TRAIN050814.jpg,0,7
../data/EyePACS_AIROGS/RG/TRAIN068061.jpg,1,3
../data/EyePACS_AIROGS/NRG/TRAIN004878.jpg,0,7
../data/EyePACS_AIROGS/NRG/TRAIN005642.jpg,0,2
../data/EyePACS_AIROGS/RG/TRAIN013757.jpg,1,7
../data/EyePACS_AIROGS/NRG/TRAIN082648.jpg,0,7
../data/EyePACS_AIROGS/RG/TRAIN044628.jpg,1,2
../data/EyePACS_AIROGS/RG/TRAIN013574.jpg,1,3
../data/EyePACS_AIROGS/RG/TRAIN094665.jpg,1,2
../data/EyePACS_AIROGS/RG/TRAIN074856.jpg,1,3
../data/EyePACS_AIROGS/RG/TRAIN037695.jpg,1,2
../data/EyePACS_AIROGS/RG/TRAIN063945.jpg,1,7
../data/EyePACS_AIROGS/RG/TRAIN003489.jpg,1,7
../data/EyePACS_AIROGS/RG/TRAIN023117.jpg,1,3
../data/EyePACS_AIROGS/RG/TRAIN071401.jpg,1,6
../data/EyePACS_AIROGS/RG/TRAIN000140.jpg,1,7
../data/EyePACS_AIROGS/NRG/TRAIN062767.jpg,0,3
../data/EyePACS_AIROGS/RG/TRAIN070962.jpg,1,3
../data/EyePACS_AIROGS/RG/TRAIN033490.jpg,1,2
../data/EyePACS_AIROGS/RG/TRAIN062277.jpg,1,2
../data/EyePACS_AIROGS/NRG/TRAIN034985.jpg,0,7
../data/EyePACS_AIROGS/RG/TRAIN019484.jpg,1,3
../data/EyePACS_AIROGS/NRG/TRAIN034003.jpg,0,3
../data/EyePACS_AIROGS/RG/TRAIN095766.jpg,1,7
../data/EyePACS_AIROGS/RG/TRAIN010647.jpg,1,7
../data/EyePACS_AIROGS/RG/TRAIN047257.jpg,1,0
../data/EyePACS_AIROGS/NRG/TRAIN066009.jpg,0,3
../data/EyePACS_AIROGS/RG/TRAIN027434.jpg,1,3
../data/EyePACS_AIROGS/RG/TRAIN087553.jpg,1,1
../data/EyePACS_AIROGS/RG/TRAIN086565.jpg,1,3
../data/EyePACS_AIROGS/NRG/TRAIN006507.jpg,0,3
../data/EyePACS_AIROGS/RG/TRAIN003508.jpg,1,3
../data/EyePACS_AIROGS/NRG/TRAIN063074.jpg,0,3
../data/EyePACS_AIROGS/RG/TRAIN078008.jpg,1,3
../data/EyePACS_AIROGS/NRG/TRAIN096684.jpg,0,2
../data/EyePACS_AIROGS/RG/TRAIN039428.jpg,1,3
../data/EyePACS_AIROGS/NRG/TRAIN098214.jpg,0,7
../data/EyePACS_AIROGS/RG/TRAIN017632.jpg,1,7
../data/EyePACS_AIROGS/RG/TRAIN073160.jpg,1,3
../data/EyePACS_AIROGS/NRG/TRAIN066434.jpg,0,2
../data/EyePACS_AIROGS/NRG/TRAIN054632.jpg,0,7
../data/EyePACS_AIROGS/NRG/TRAIN063771.jpg,0,2
../data/EyePACS_AIROGS/NRG/TRAIN054565.jpg,0,3
../data/EyePACS_AIROGS/NRG/TRAIN028103.jpg,0,7
../data/EyePACS_AIROGS/NRG/TRAIN034772.jpg,0,7
../data/EyePACS_AIROGS/RG/TRAIN088021.jpg,1,1
../data/EyePACS_AIROGS/RG/TRAIN061737.jpg,1,7
../data/EyePACS_AIROGS/RG/TRAIN019841.jpg,1,6
../data/EyePACS_AIROGS/NRG/TRAIN054995.jpg,0,6
../data/EyePACS_AIROGS/RG/TRAIN077590.jpg,1,7
../data/EyePACS_AIROGS/RG/TRAIN022991.jpg,1,3
../data/EyePACS_AIROGS/NRG/TRAIN006461.jpg,0,3
../data/EyePACS_AIROGS/RG/TRAIN051166.jpg,1,7
../data/EyePACS_AIROGS/NRG/TRAIN020300.jpg,0,3
../data/EyePACS_AIROGS/NRG/TRAIN041108.jpg,0,3
../data/EyePACS_AIROGS/NRG/TRAIN037466.jpg,0,3
../data/EyePACS_AIROGS/NRG/TRAIN011030.jpg,0,7
../data/EyePACS_AIROGS/NRG/TRAIN093295.jpg,0,3
../data/EyePACS_AIROGS/RG/TRAIN077421.jpg,1,4
../data/EyePACS_AIROGS/NRG/TRAIN064921.jpg,0,3
../data/EyePACS_AIROGS/NRG/TRAIN099297.jpg,0,7
../data/EyePACS_AIROGS/RG/TRAIN076908.jpg,1,7
../data/EyePACS_AIROGS/NRG/TRAIN011995.jpg,0,2
../data/EyePACS_AIROGS/RG/TRAIN034485.jpg,1,7
../data/EyePACS_AIROGS/NRG/TRAIN070608.jpg,0,3
../data/EyePACS_AIROGS/NRG/TRAIN030857.jpg,0,7
../data/EyePACS_AIROGS/NRG/TRAIN096290.jpg,0,2
../data/EyePACS_AIROGS/NRG/TRAIN032954.jpg,0,3
../data/EyePACS_AIROGS/NRG/TRAIN035386.jpg,0,2
../data/EyePACS_AIROGS/NRG/TRAIN011688.jpg,0,3
../data/EyePACS_AIROGS/RG/TRAIN037166.jpg,1,6
../data/EyePACS_AIROGS/RG/TRAIN088723.jpg,1,3
../data/EyePACS_AIROGS/RG/TRAIN073383.jpg,1,3
../data/EyePACS_AIROGS/RG/TRAIN075785.jpg,1,3
../data/EyePACS_AIROGS/RG/TRAIN009192.jpg,1,7
../data/EyePACS_AIROGS/NRG/TRAIN031383.jpg,0,2
../data/EyePACS_AIROGS/RG/TRAIN046964.jpg,1,3
../data/EyePACS_AIROGS/RG/TRAIN018513.jpg,1,7
../data/EyePACS_AIROGS/NRG/TRAIN042724.jpg,0,3
../data/EyePACS_AIROGS/NRG/TRAIN079370.jpg,0,7
../data/EyePACS_AIROGS/RG/TRAIN088512.jpg,1,3
../data/EyePACS_AIROGS/RG/TRAIN004994.jpg,1,6
../data/EyePACS_AIROGS/RG/TRAIN051150.jpg,1,7
../data/EyePACS_AIROGS/NRG/TRAIN041846.jpg,0,7
../data/EyePACS_AIROGS/RG/TRAIN017890.jpg,1,7
../data/EyePACS_AIROGS/RG/TRAIN058550.jpg,1,2
../data/EyePACS_AIROGS/RG/TRAIN062889.jpg,1,7
../data/EyePACS_AIROGS/RG/TRAIN098861.jpg,1,7
../data/EyePACS_AIROGS/RG/TRAIN051348.jpg,1,3
../data/EyePACS_AIROGS/NRG/TRAIN012957.jpg,0,3
../data/EyePACS_AIROGS/NRG/TRAIN087285.jpg,0,3
../data/EyePACS_AIROGS/RG/TRAIN008381.jpg,1,7
../data/EyePACS_AIROGS/NRG/TRAIN028806.jpg,0,6
../data/EyePACS_AIROGS/NRG/TRAIN084504.jpg,0,0
../data/EyePACS_AIROGS/RG/TRAIN083683.jpg,1,5
../data/EyePACS_AIROGS/RG/TRAIN005257.jpg,1,3
../data/EyePACS_AIROGS/RG/TRAIN048056.jpg,1,7
../data/EyePACS_AIROGS/NRG/TRAIN002798.jpg,0,7
../data/EyePACS_AIROGS/NRG/TRAIN088447.jpg,0,3
../data/EyePACS_AIROGS/RG/TRAIN016082.jpg,1,7
../data/EyePACS_AIROGS/RG/TRAIN003635.jpg,1,7
../data/EyePACS_AIROGS/RG/TRAIN028981.jpg,1,1
../data/EyePACS_AIROGS/RG/TRAIN097991.jpg,1,7
../data/EyePACS_AIROGS/NRG/TRAIN099878.jpg,0,7
../data/EyePACS_AIROGS/NRG/TRAIN098095.jpg,0,3
../data/EyePACS_AIROGS/NRG/TRAIN034993.jpg,0,2
../data/EyePACS_AIROGS/NRG/TRAIN093302.jpg,0,7
../data/EyePACS_AIROGS/RG/TRAIN089430.jpg,1,3
../data/EyePACS_AIROGS/NRG/TRAIN019833.jpg,0,7
../data/EyePACS_AIROGS/NRG/TRAIN072472.jpg,0,3
../data/EyePACS_AIROGS/NRG/TRAIN034470.jpg,0,3
../data/EyePACS_AIROGS/RG/TRAIN001629.jpg,1,7
../data/EyePACS_AIROGS/RG/TRAIN030039.jpg,1,2
../data/EyePACS_AIROGS/NRG/TRAIN065055.jpg,0,3
../data/EyePACS_AIROGS/RG/TRAIN093704.jpg,1,6
../data/EyePACS_AIROGS/NRG/TRAIN031339.jpg,0,3
../data/EyePACS_AIROGS/NRG/TRAIN004851.jpg,0,7
../data/EyePACS_AIROGS/NRG/TRAIN022871.jpg,0,7
../data/EyePACS_AIROGS/RG/TRAIN025234.jpg,1,3
../data/EyePACS_AIROGS/NRG/TRAIN043300.jpg,0,7
../data/EyePACS_AIROGS/RG/TRAIN037224.jpg,1,3
../data/EyePACS_AIROGS/NRG/TRAIN021117.jpg,0,7
../data/EyePACS_AIROGS/NRG/TRAIN079267.jpg,0,3
../data/EyePACS_AIROGS/RG/TRAIN016858.jpg,1,3
../data/EyePACS_AIROGS/NRG/TRAIN003573.jpg,0,2
../data/EyePACS_AIROGS/NRG/TRAIN031642.jpg,0,3
../data/EyePACS_AIROGS/RG/TRAIN007400.jpg,1,3
../data/EyePACS_AIROGS/RG/TRAIN022359.jpg,1,3
../data/EyePACS_AIROGS/NRG/TRAIN074362.jpg,0,3
../data/EyePACS_AIROGS/RG/TRAIN087719.jpg,1,7
../data/EyePACS_AIROGS/NRG/TRAIN002818.jpg,0,7
../data/EyePACS_AIROGS/NRG/TRAIN069168.jpg,0,6
../data/EyePACS_AIROGS/NRG/TRAIN020678.jpg,0,7
../data/EyePACS_AIROGS/RG/TRAIN029578.jpg,1,5
../data/EyePACS_AIROGS/NRG/TRAIN019912.jpg,0,2
../data/EyePACS_AIROGS/RG/TRAIN086456.jpg,1,5
../data/EyePACS_AIROGS/NRG/TRAIN024712.jpg,0,6
../data/EyePACS_AIROGS/NRG/TRAIN023856.jpg,0,3
../data/EyePACS_AIROGS/NRG/TRAIN099925.jpg,0,7
../data/EyePACS_AIROGS/RG/TRAIN090635.jpg,1,3
../data/EyePACS_AIROGS/NRG/TRAIN073424.jpg,0,2
../data/EyePACS_AIROGS/NRG/TRAIN044383.jpg,0,3
../data/EyePACS_AIROGS/RG/TRAIN088041.jpg,1,3
../data/EyePACS_AIROGS/RG/TRAIN009828.jpg,1,3
../data/EyePACS_AIROGS/RG/TRAIN025215.jpg,1,3
../data/EyePACS_AIROGS/RG/TRAIN098270.jpg,1,3
../data/EyePACS_AIROGS/RG/TRAIN090172.jpg,1,7
../data/EyePACS_AIROGS/RG/TRAIN070097.jpg,1,7
../data/EyePACS_AIROGS/RG/TRAIN064831.jpg,1,3
../data/EyePACS_AIROGS/RG/TRAIN049197.jpg,1,6
../data/EyePACS_AIROGS/RG/TRAIN063737.jpg,1,3
../data/EyePACS_AIROGS/RG/TRAIN077586.jpg,1,7
../data/EyePACS_AIROGS/NRG/TRAIN061385.jpg,0,3
../data/EyePACS_AIROGS/RG/TRAIN096474.jpg,1,7
../data/EyePACS_AIROGS/RG/TRAIN027164.jpg,1,7
../data/EyePACS_AIROGS/NRG/TRAIN087343.jpg,0,2
../data/EyePACS_AIROGS/RG/TRAIN017735.jpg,1,2
../data/EyePACS_AIROGS/NRG/TRAIN074842.jpg,0,3
../data/EyePACS_AIROGS/NRG/TRAIN029445.jpg,0,3
../data/EyePACS_AIROGS/NRG/TRAIN011856.jpg,0,7
../data/EyePACS_AIROGS/NRG/TRAIN074240.jpg,0,3
../data/EyePACS_AIROGS/NRG/TRAIN030650.jpg,0,7
../data/EyePACS_AIROGS/NRG/TRAIN041479.jpg,0,3
../data/EyePACS_AIROGS/NRG/TRAIN076053.jpg,0,5
../data/EyePACS_AIROGS/NRG/TRAIN028917.jpg,0,7
../data/EyePACS_AIROGS/RG/TRAIN056351.jpg,1,2
../data/EyePACS_AIROGS/RG/TRAIN062776.jpg,1,3
../data/EyePACS_AIROGS/NRG/TRAIN041225.jpg,0,3
../data/EyePACS_AIROGS/RG/TRAIN088800.jpg,1,3
../data/EyePACS_AIROGS/NRG/TRAIN056561.jpg,0,3
../data/EyePACS_AIROGS/NRG/TRAIN010347.jpg,0,2
../data/EyePACS_AIROGS/RG/TRAIN082400.jpg,1,2
../data/EyePACS_AIROGS/RG/TRAIN008763.jpg,1,3
../data/EyePACS_AIROGS/RG/TRAIN059760.jpg,1,3
../data/EyePACS_AIROGS/NRG/TRAIN022694.jpg,0,7
../data/EyePACS_AIROGS/RG/TRAIN074217.jpg,1,7
../data/EyePACS_AIROGS/RG/TRAIN074037.jpg,1,7
../data/EyePACS_AIROGS/RG/TRAIN040059.jpg,1,3
../data/EyePACS_AIROGS/RG/TRAIN041345.jpg,1,3
../data/EyePACS_AIROGS/NRG/TRAIN007656.jpg,0,3
../data/EyePACS_AIROGS/RG/TRAIN094026.jpg,1,7
../data/EyePACS_AIROGS/NRG/TRAIN048720.jpg,0,3
../data/EyePACS_AIROGS/NRG/TRAIN083173.jpg,0,3
../data/EyePACS_AIROGS/RG/TRAIN059248.jpg,1,1
../data/EyePACS_AIROGS/NRG/TRAIN054838.jpg,0,3
../data/EyePACS_AIROGS/RG/TRAIN089692.jpg,1,6
../data/EyePACS_AIROGS/NRG/TRAIN073839.jpg,0,7
../data/EyePACS_AIROGS/RG/TRAIN000225.jpg,1,7
../data/EyePACS_AIROGS/NRG/TRAIN073899.jpg,0,7
../data/EyePACS_AIROGS/RG/TRAIN059866.jpg,1,1
../data/EyePACS_AIROGS/NRG/TRAIN093751.jpg,0,4
../data/EyePACS_AIROGS/RG/TRAIN072883.jpg,1,6
../data/EyePACS_AIROGS/NRG/TRAIN072000.jpg,0,7
../data/EyePACS_AIROGS/NRG/TRAIN048574.jpg,0,2
../data/EyePACS_AIROGS/NRG/TRAIN047903.jpg,0,7
../data/EyePACS_AIROGS/NRG/TRAIN020190.jpg,0,6
../data/EyePACS_AIROGS/NRG/TRAIN021249.jpg,0,3
../data/EyePACS_AIROGS/RG/TRAIN030852.jpg,1,7
../data/EyePACS_AIROGS/RG/TRAIN046038.jpg,1,5
../data/EyePACS_AIROGS/NRG/TRAIN005076.jpg,0,7
../data/EyePACS_AIROGS/RG/TRAIN029909.jpg,1,7
../data/EyePACS_AIROGS/RG/TRAIN019036.jpg,1,3
../data/EyePACS_AIROGS/RG/TRAIN073188.jpg,1,7
../data/EyePACS_AIROGS/RG/TRAIN032931.jpg,1,7
../data/EyePACS_AIROGS/NRG/TRAIN076540.jpg,0,7
../data/EyePACS_AIROGS/RG/TRAIN016287.jpg,1,7
../data/EyePACS_AIROGS/NRG/TRAIN010376.jpg,0,7
../data/EyePACS_AIROGS/RG/TRAIN050930.jpg,1,7
../data/EyePACS_AIROGS/NRG/TRAIN038930.jpg,0,7
../data/EyePACS_AIROGS/NRG/TRAIN071283.jpg,0,1
../data/EyePACS_AIROGS/NRG/TRAIN026747.jpg,0,7
../data/EyePACS_AIROGS/NRG/TRAIN044049.jpg,0,7
../data/EyePACS_AIROGS/RG/TRAIN007414.jpg,1,3
../data/EyePACS_AIROGS/NRG/TRAIN019393.jpg,0,3
../data/EyePACS_AIROGS/RG/TRAIN034606.jpg,1,3
../data/EyePACS_AIROGS/RG/TRAIN019701.jpg,1,2
../data/EyePACS_AIROGS/NRG/TRAIN000159.jpg,0,7
../data/EyePACS_AIROGS/RG/TRAIN009151.jpg,1,7
../data/EyePACS_AIROGS/NRG/TRAIN090499.jpg,0,7
../data/EyePACS_AIROGS/NRG/TRAIN073023.jpg,0,1
../data/EyePACS_AIROGS/NRG/TRAIN009206.jpg,0,3
../data/EyePACS_AIROGS/NRG/TRAIN044025.jpg,0,2
../data/EyePACS_AIROGS/NRG/TRAIN086558.jpg,0,3
../data/EyePACS_AIROGS/RG/TRAIN038050.jpg,1,6
../data/EyePACS_AIROGS/RG/TRAIN049448.jpg,1,7
../data/EyePACS_AIROGS/RG/TRAIN032308.jpg,1,7
../data/EyePACS_AIROGS/NRG/TRAIN008490.jpg,0,6
../data/EyePACS_AIROGS/NRG/TRAIN056845.jpg,0,2
../data/EyePACS_AIROGS/NRG/TRAIN072665.jpg,0,2
../data/EyePACS_AIROGS/NRG/TRAIN019927.jpg,0,3
../data/EyePACS_AIROGS/RG/TRAIN044981.jpg,1,7
../data/EyePACS_AIROGS/RG/TRAIN051496.jpg,1,6
../data/EyePACS_AIROGS/NRG/TRAIN031267.jpg,0,6
../data/EyePACS_AIROGS/NRG/TRAIN071843.jpg,0,3
../data/EyePACS_AIROGS/RG/TRAIN042204.jpg,1,7
../data/EyePACS_AIROGS/NRG/TRAIN050342.jpg,0,3
../data/EyePACS_AIROGS/RG/TRAIN001695.jpg,1,3
../data/EyePACS_AIROGS/NRG/TRAIN060475.jpg,0,3
../data/EyePACS_AIROGS/NRG/TRAIN092908.jpg,0,7
../data/EyePACS_AIROGS/RG/TRAIN058574.jpg,1,7
../data/EyePACS_AIROGS/NRG/TRAIN018958.jpg,0,7
../data/EyePACS_AIROGS/NRG/TRAIN093348.jpg,0,7
../data/EyePACS_AIROGS/RG/TRAIN086999.jpg,1,7
../data/EyePACS_AIROGS/NRG/TRAIN054953.jpg,0,2
../data/EyePACS_AIROGS/NRG/TRAIN093178.jpg,0,3
../data/EyePACS_AIROGS/NRG/TRAIN006284.jpg,0,6
../data/EyePACS_AIROGS/NRG/TRAIN015558.jpg,0,3
../data/EyePACS_AIROGS/NRG/TRAIN044537.jpg,0,3
../data/EyePACS_AIROGS/RG/TRAIN018134.jpg,1,3
../data/EyePACS_AIROGS/NRG/TRAIN019201.jpg,0,5
../data/EyePACS_AIROGS/RG/TRAIN100711.jpg,1,1
../data/EyePACS_AIROGS/RG/TRAIN047589.jpg,1,7
../data/EyePACS_AIROGS/RG/TRAIN018408.jpg,1,3
../data/EyePACS_AIROGS/RG/TRAIN006708.jpg,1,3
../data/EyePACS_AIROGS/NRG/TRAIN010628.jpg,0,6
../data/EyePACS_AIROGS/RG/TRAIN051444.jpg,1,3
../data/EyePACS_AIROGS/RG/TRAIN093590.jpg,1,7
../data/EyePACS_AIROGS/RG/TRAIN056563.jpg,1,7
../data/EyePACS_AIROGS/NRG/TRAIN007133.jpg,0,3
../data/EyePACS_AIROGS/RG/TRAIN069989.jpg,1,3
../data/EyePACS_AIROGS/NRG/TRAIN061913.jpg,0,3
../data/EyePACS_AIROGS/RG/TRAIN034433.jpg,1,7
../data/EyePACS_AIROGS/NRG/TRAIN089703.jpg,0,3
../data/EyePACS_AIROGS/RG/TRAIN070089.jpg,1,1
../data/EyePACS_AIROGS/NRG/TRAIN085858.jpg,0,7
../data/EyePACS_AIROGS/RG/TRAIN044087.jpg,1,3
../data/EyePACS_AIROGS/RG/TRAIN081418.jpg,1,3
../data/EyePACS_AIROGS/RG/TRAIN015857.jpg,1,6
../data/EyePACS_AIROGS/NRG/TRAIN039059.jpg,0,3
../data/EyePACS_AIROGS/NRG/TRAIN024262.jpg,0,3
../data/EyePACS_AIROGS/RG/TRAIN099237.jpg,1,6
../data/EyePACS_AIROGS/NRG/TRAIN068046.jpg,0,7
../data/EyePACS_AIROGS/RG/TRAIN022301.jpg,1,7
../data/EyePACS_AIROGS/NRG/TRAIN056894.jpg,0,6
../data/EyePACS_AIROGS/NRG/TRAIN041466.jpg,0,6
../data/EyePACS_AIROGS/RG/TRAIN043192.jpg,1,1
../data/EyePACS_AIROGS/RG/TRAIN094498.jpg,1,7
../data/EyePACS_AIROGS/RG/TRAIN009422.jpg,1,7
../data/EyePACS_AIROGS/NRG/TRAIN001470.jpg,0,7
../data/EyePACS_AIROGS/NRG/TRAIN038185.jpg,0,3
../data/EyePACS_AIROGS/NRG/TRAIN001455.jpg,0,7
../data/EyePACS_AIROGS/NRG/TRAIN027919.jpg,0,3
../data/EyePACS_AIROGS/RG/TRAIN047819.jpg,1,2
../data/EyePACS_AIROGS/NRG/TRAIN041587.jpg,0,3
../data/EyePACS_AIROGS/NRG/TRAIN101268.jpg,0,1
../data/EyePACS_AIROGS/RG/TRAIN055308.jpg,1,7
../data/EyePACS_AIROGS/RG/TRAIN072151.jpg,1,3
../data/EyePACS_AIROGS/NRG/TRAIN012884.jpg,0,7
../data/EyePACS_AIROGS/NRG/TRAIN013177.jpg,0,7
../data/EyePACS_AIROGS/RG/TRAIN028332.jpg,1,7
../data/EyePACS_AIROGS/RG/TRAIN043460.jpg,1,3
../data/EyePACS_AIROGS/NRG/TRAIN049890.jpg,0,3
../data/EyePACS_AIROGS/NRG/TRAIN050561.jpg,0,7
../data/EyePACS_AIROGS/NRG/TRAIN003796.jpg,0,1
../data/EyePACS_AIROGS/NRG/TRAIN082079.jpg,0,3
../data/EyePACS_AIROGS/NRG/TRAIN051609.jpg,0,3
../data/EyePACS_AIROGS/RG/TRAIN018645.jpg,1,7
../data/EyePACS_AIROGS/RG/TRAIN002336.jpg,1,7
../data/EyePACS_AIROGS/RG/TRAIN082127.jpg,1,7
../data/EyePACS_AIROGS/RG/TRAIN064232.jpg,1,3
../data/EyePACS_AIROGS/NRG/TRAIN000895.jpg,0,2
../data/EyePACS_AIROGS/NRG/TRAIN024404.jpg,0,2
../data/EyePACS_AIROGS/RG/TRAIN031764.jpg,1,7
../data/EyePACS_AIROGS/NRG/TRAIN013834.jpg,0,3
../data/EyePACS_AIROGS/RG/TRAIN030957.jpg,1,7
../data/EyePACS_AIROGS/NRG/TRAIN093864.jpg,0,3
../data/EyePACS_AIROGS/NRG/TRAIN101063.jpg,0,3
../data/EyePACS_AIROGS/NRG/TRAIN099794.jpg,0,2
../data/EyePACS_AIROGS/RG/TRAIN031199.jpg,1,3
../data/EyePACS_AIROGS/NRG/TRAIN096107.jpg,0,5
../data/EyePACS_AIROGS/RG/TRAIN094446.jpg,1,6
../data/EyePACS_AIROGS/RG/TRAIN010447.jpg,1,7
../data/EyePACS_AIROGS/RG/TRAIN018594.jpg,1,3
../data/EyePACS_AIROGS/NRG/TRAIN060961.jpg,0,2
../data/EyePACS_AIROGS/NRG/TRAIN004973.jpg,0,6
../data/EyePACS_AIROGS/RG/TRAIN010848.jpg,1,7
../data/EyePACS_AIROGS/RG/TRAIN012613.jpg,1,4
../data/EyePACS_AIROGS/RG/TRAIN017499.jpg,1,1
../data/EyePACS_AIROGS/RG/TRAIN067322.jpg,1,7
../data/EyePACS_AIROGS/RG/TRAIN056594.jpg,1,3
../data/EyePACS_AIROGS/RG/TRAIN015593.jpg,1,7
../data/EyePACS_AIROGS/RG/TRAIN065498.jpg,1,2
../data/EyePACS_AIROGS/NRG/TRAIN024321.jpg,0,0
../data/EyePACS_AIROGS/NRG/TRAIN012593.jpg,0,7
../data/EyePACS_AIROGS/NRG/TRAIN092534.jpg,0,3
../data/EyePACS_AIROGS/RG/TRAIN043314.jpg,1,3
../data/EyePACS_AIROGS/RG/TRAIN067971.jpg,1,3
../data/EyePACS_AIROGS/RG/TRAIN064314.jpg,1,7
../data/EyePACS_AIROGS/RG/TRAIN011631.jpg,1,3
../data/EyePACS_AIROGS/RG/TRAIN077580.jpg,1,7
../data/EyePACS_AIROGS/RG/TRAIN027733.jpg,1,2
../data/EyePACS_AIROGS/NRG/TRAIN060155.jpg,0,6
../data/EyePACS_AIROGS/RG/TRAIN006612.jpg,1,7
../data/EyePACS_AIROGS/NRG/TRAIN059310.jpg,0,7
../data/EyePACS_AIROGS/NRG/TRAIN099635.jpg,0,7
../data/EyePACS_AIROGS/RG/TRAIN059027.jpg,1,7
../data/EyePACS_AIROGS/RG/TRAIN068715.jpg,1,7
../data/EyePACS_AIROGS/NRG/TRAIN081435.jpg,0,6
../data/EyePACS_AIROGS/NRG/TRAIN031999.jpg,0,7
../data/EyePACS_AIROGS/RG/TRAIN025636.jpg,1,3
../data/EyePACS_AIROGS/NRG/TRAIN040405.jpg,0,3
../data/EyePACS_AIROGS/NRG/TRAIN083805.jpg,0,3
../data/EyePACS_AIROGS/NRG/TRAIN064367.jpg,0,7
../data/EyePACS_AIROGS/RG/TRAIN042382.jpg,1,3
../data/EyePACS_AIROGS/NRG/TRAIN020252.jpg,0,7
../data/EyePACS_AIROGS/RG/TRAIN045845.jpg,1,7
../data/EyePACS_AIROGS/RG/TRAIN008567.jpg,1,3
../data/EyePACS_AIROGS/NRG/TRAIN075385.jpg,0,7
../data/EyePACS_AIROGS/NRG/TRAIN092552.jpg,0,7
../data/EyePACS_AIROGS/RG/TRAIN015332.jpg,1,3
../data/EyePACS_AIROGS/NRG/TRAIN081473.jpg,0,3
../data/EyePACS_AIROGS/RG/TRAIN080130.jpg,1,3
../data/EyePACS_AIROGS/RG/TRAIN036807.jpg,1,3
../data/EyePACS_AIROGS/RG/TRAIN066134.jpg,1,3
../data/EyePACS_AIROGS/RG/TRAIN007965.jpg,1,6
../data/EyePACS_AIROGS/NRG/TRAIN099042.jpg,0,3
../data/EyePACS_AIROGS/RG/TRAIN017904.jpg,1,7
../data/EyePACS_AIROGS/NRG/TRAIN062654.jpg,0,7
../data/EyePACS_AIROGS/NRG/TRAIN026898.jpg,0,2
../data/EyePACS_AIROGS/NRG/TRAIN017889.jpg,0,6
../data/EyePACS_AIROGS/NRG/TRAIN071207.jpg,0,3
../data/EyePACS_AIROGS/NRG/TRAIN000403.jpg,0,3
../data/EyePACS_AIROGS/RG/TRAIN068276.jpg,1,6
../data/EyePACS_AIROGS/RG/TRAIN035974.jpg,1,7
../data/EyePACS_AIROGS/RG/TRAIN067571.jpg,1,1
../data/EyePACS_AIROGS/RG/TRAIN007119.jpg,1,7
../data/EyePACS_AIROGS/NRG/TRAIN089610.jpg,0,7
../data/EyePACS_AIROGS/RG/TRAIN023841.jpg,1,7
../data/EyePACS_AIROGS/RG/TRAIN058872.jpg,1,7
../data/EyePACS_AIROGS/RG/TRAIN074670.jpg,1,3
../data/EyePACS_AIROGS/NRG/TRAIN065339.jpg,0,3
../data/EyePACS_AIROGS/NRG/TRAIN059743.jpg,0,7
../data/EyePACS_AIROGS/RG/TRAIN055069.jpg,1,6
../data/EyePACS_AIROGS/RG/TRAIN056244.jpg,1,3
../data/EyePACS_AIROGS/RG/TRAIN007605.jpg,1,7
../data/EyePACS_AIROGS/NRG/TRAIN099580.jpg,0,7
../data/EyePACS_AIROGS/RG/TRAIN014721.jpg,1,6
../data/EyePACS_AIROGS/RG/TRAIN077333.jpg,1,3
../data/EyePACS_AIROGS/NRG/TRAIN043522.jpg,0,3
../data/EyePACS_AIROGS/NRG/TRAIN037753.jpg,0,7
../data/EyePACS_AIROGS/NRG/TRAIN029294.jpg,0,7
../data/EyePACS_AIROGS/RG/TRAIN020834.jpg,1,4
../data/EyePACS_AIROGS/RG/TRAIN047414.jpg,1,3
../data/EyePACS_AIROGS/NRG/TRAIN065671.jpg,0,1
../data/EyePACS_AIROGS/NRG/TRAIN091104.jpg,0,3
../data/EyePACS_AIROGS/RG/TRAIN012483.jpg,1,3
../data/EyePACS_AIROGS/RG/TRAIN008684.jpg,1,7
../data/EyePACS_AIROGS/RG/TRAIN056553.jpg,1,5
../data/EyePACS_AIROGS/RG/TRAIN006810.jpg,1,7
../data/EyePACS_AIROGS/RG/TRAIN026646.jpg,1,7
../data/EyePACS_AIROGS/RG/TRAIN089432.jpg,1,8
../data/EyePACS_AIROGS/NRG/TRAIN098246.jpg,0,3
../data/EyePACS_AIROGS/NRG/TRAIN055367.jpg,0,7
../data/EyePACS_AIROGS/RG/TRAIN086864.jpg,1,3
../data/EyePACS_AIROGS/RG/TRAIN070356.jpg,1,7
../data/EyePACS_AIROGS/RG/TRAIN023245.jpg,1,3
../data/EyePACS_AIROGS/NRG/TRAIN020143.jpg,0,7
../data/EyePACS_AIROGS/NRG/TRAIN100781.jpg,0,7
../data/EyePACS_AIROGS/RG/TRAIN040532.jpg,1,1
../data/EyePACS_AIROGS/RG/TRAIN023311.jpg,1,3
../data/EyePACS_AIROGS/NRG/TRAIN090638.jpg,0,7
../data/EyePACS_AIROGS/RG/TRAIN065583.jpg,1,6
../data/EyePACS_AIROGS/NRG/TRAIN027599.jpg,0,7
../data/EyePACS_AIROGS/RG/TRAIN100172.jpg,1,3
../data/EyePACS_AIROGS/RG/TRAIN040558.jpg,1,7
../data/EyePACS_AIROGS/RG/TRAIN036940.jpg,1,3
../data/EyePACS_AIROGS/NRG/TRAIN047081.jpg,0,6
../data/EyePACS_AIROGS/RG/TRAIN087229.jpg,1,3
../data/EyePACS_AIROGS/NRG/TRAIN046370.jpg,0,2
../data/EyePACS_AIROGS/NRG/TRAIN087859.jpg,0,3
../data/EyePACS_AIROGS/RG/TRAIN081366.jpg,1,7
../data/EyePACS_AIROGS/NRG/TRAIN042340.jpg,0,7
../data/EyePACS_AIROGS/RG/TRAIN016788.jpg,1,7
../data/EyePACS_AIROGS/NRG/TRAIN083430.jpg,0,3
../data/EyePACS_AIROGS/RG/TRAIN085403.jpg,1,3
../data/EyePACS_AIROGS/NRG/TRAIN059405.jpg,0,7
../data/EyePACS_AIROGS/NRG/TRAIN087251.jpg,0,7
../data/EyePACS_AIROGS/NRG/TRAIN050612.jpg,0,7
../data/EyePACS_AIROGS/RG/TRAIN012014.jpg,1,5
../data/EyePACS_AIROGS/RG/TRAIN044183.jpg,1,3
../data/EyePACS_AIROGS/NRG/TRAIN042083.jpg,0,3
../data/EyePACS_AIROGS/NRG/TRAIN007744.jpg,0,7
../data/EyePACS_AIROGS/RG/TRAIN075892.jpg,1,4
../data/EyePACS_AIROGS/NRG/TRAIN101024.jpg,0,7
../data/EyePACS_AIROGS/RG/TRAIN046818.jpg,1,3
../data/EyePACS_AIROGS/RG/TRAIN066133.jpg,1,3
../data/EyePACS_AIROGS/NRG/TRAIN022972.jpg,0,6
../data/EyePACS_AIROGS/NRG/TRAIN098824.jpg,0,7
../data/EyePACS_AIROGS/NRG/TRAIN049175.jpg,0,7
../data/EyePACS_AIROGS/RG/TRAIN022891.jpg,1,6
../data/EyePACS_AIROGS/RG/TRAIN058110.jpg,1,7
../data/EyePACS_AIROGS/RG/TRAIN028247.jpg,1,2
../data/EyePACS_AIROGS/NRG/TRAIN084730.jpg,0,6
../data/EyePACS_AIROGS/RG/TRAIN099139.jpg,1,7
../data/EyePACS_AIROGS/RG/TRAIN018028.jpg,1,6
../data/EyePACS_AIROGS/NRG/TRAIN022994.jpg,0,7
../data/EyePACS_AIROGS/NRG/TRAIN093081.jpg,0,3
../data/EyePACS_AIROGS/NRG/TRAIN002789.jpg,0,7
../data/EyePACS_AIROGS/RG/TRAIN001784.jpg,1,7
../data/EyePACS_AIROGS/RG/TRAIN058097.jpg,1,3
../data/EyePACS_AIROGS/RG/TRAIN044995.jpg,1,2
../data/EyePACS_AIROGS/RG/TRAIN025699.jpg,1,3
../data/EyePACS_AIROGS/RG/TRAIN075365.jpg,1,3
../data/EyePACS_AIROGS/RG/TRAIN062333.jpg,1,3
../data/EyePACS_AIROGS/RG/TRAIN060917.jpg,1,6
../data/EyePACS_AIROGS/RG/TRAIN033284.jpg,1,7
../data/EyePACS_AIROGS/NRG/TRAIN098874.jpg,0,7
../data/EyePACS_AIROGS/RG/TRAIN076744.jpg,1,3
../data/EyePACS_AIROGS/NRG/TRAIN086991.jpg,0,7
../data/EyePACS_AIROGS/NRG/TRAIN092017.jpg,0,6
../data/EyePACS_AIROGS/RG/TRAIN017846.jpg,1,7
../data/EyePACS_AIROGS/NRG/TRAIN020172.jpg,0,3
../data/EyePACS_AIROGS/RG/TRAIN060309.jpg,1,7
